method	test	model	evaluation_measure	context	encoding_level	p_value	effect_size
CEAT	c1_name	bert	cosine	reddit	sent	0.0	0.28724867345387334
CEAT	c1_name	bert	cosine	reddit	word-average	0.0	0.7695688472164369
CEAT	c1_name	bert	cosine	reddit	word-start	0.0	0.5973732323071275
CEAT	c1_name	bert	cosine	reddit	word-end	0.0	0.675411282780291
CEAT	c3_name	bert	cosine	reddit	sent	9.528381014351906e-09	0.0255672861443027
CEAT	c3_name	bert	cosine	reddit	word-average	0.0	-0.2730974015590281
CEAT	c3_name	bert	cosine	reddit	word-start	0.0	-0.3159092637457686
CEAT	c3_name	bert	cosine	reddit	word-end	0.0	-0.20446879736421966
CEAT	c9_name	bert	cosine	reddit	sent	1.592147003581209e-12	0.041154704806499624
CEAT	c9_name	bert	cosine	reddit	word-average	1.0283650190801629e-232	-0.16197478876541838
CEAT	c9_name	bert	cosine	reddit	word-start	0.0	-0.41258862201222785
CEAT	c9_name	bert	cosine	reddit	word-end	3.7291526476030426e-21	0.05214504021013909
CEAT	c9m_name	bert	cosine	reddit	sent	1.993988331508293e-39	0.07605832615691893
CEAT	c9m_name	bert	cosine	reddit	word-average	5.919521383770192e-06	-0.02156351534032677
CEAT	c9m_name	bert	cosine	reddit	word-start	0.0	-0.21802414944927143
CEAT	c9m_name	bert	cosine	reddit	word-end	0.0	0.21297464130855986
CEAT	c9_term	bert	cosine	reddit	sent	0.0005406622092196928	-0.02518692913891103
CEAT	c9_term	bert	cosine	reddit	word-average	0.0	-0.46612326742046806
CEAT	c9_term	bert	cosine	reddit	word-start	0.0	-0.5866605918201683
CEAT	c9_term	bert	cosine	reddit	word-end	0.0	-0.29320616579308584
CEAT	occ_name	bert	cosine	reddit	sent	0.0	0.16355390054142943
CEAT	occ_name	bert	cosine	reddit	word-average	0.0	0.5088383274440613
CEAT	occ_name	bert	cosine	reddit	word-start	0.0	0.43291137900523685
CEAT	occ_name	bert	cosine	reddit	word-end	0.0	0.520337088569439
