method;bias_test;model;dataset;evaluation_metric;context;encoding_level;target_description;p_value;effect_size;SD;weighted_SD;notes;;;
SEAT;C1;elmo;full;cosine similarity;template;sent;names;0,0000;1,1842;;;;;;
SEAT;C1;elmo;full;cosine similarity;template;word-average;names;0,0000;1,2385;;;;;;
SEAT;C3;elmo;full;cosine similarity;template;sent;names;0,0001;0,3737;;;;;;
SEAT;C3;elmo;full;cosine similarity;template;word-average;names;0,0000;0,5821;;;;;;
SEAT;C3;elmo;full;cosine similarity;template;sent;terms;0,6346;-0,0345;;;;;;
SEAT;C3;elmo;full;cosine similarity;template;word-average;terms;0,8541;-0,1079;;;;;;
SEAT;C6;elmo;full;cosine similarity;template;sent;names;0,0000;1,3766;;;;;;
SEAT;C6;elmo;full;cosine similarity;template;word-average;names;0,0000;1,4132;;;;;;
SEAT;C6;elmo;full;cosine similarity;template;sent;terms;0,0002;0,5475;;;;;;
SEAT;C6;elmo;full;cosine similarity;template;word-average;terms;0,0011;0,4613;;;;;;
SEAT;C9;elmo;full;cosine similarity;template;sent;names;0,9342;-0,2015;;;modified dataset;;;
SEAT;C9;elmo;full;cosine similarity;template;word-average;names;0,5683;-0,0225;;;modified dataset;;;
SEAT;C9;elmo;full;cosine similarity;template;sent;names;0,9911;-0,3149;;;;;;
SEAT;C9;elmo;full;cosine similarity;template;word-average;names;0,9615;-0,2356;;;;;;
SEAT;C9;elmo;full;cosine similarity;template;sent;terms;0,0027;0,5540;;;;;;
SEAT;C9;elmo;full;cosine similarity;template;word-average;terms;0,0001;0,7339;;;;;;
SEAT;Dis;elmo;full;cosine similarity;template;sent;terms;0,0000;0,4582;;;modified dataset;;;
SEAT;Dis;elmo;full;cosine similarity;template;word-average;terms;0,0000;0,8630;;;modified dataset;;;
SEAT;Dis;elmo;full;cosine similarity;template;sent;terms;0,0000;0,4747;;;;;;
SEAT;Dis;elmo;full;cosine similarity;template;word-average;terms;0,0000;0,8730;;;;;;
SEAT;I1;elmo;full;cosine similarity;template;sent;names;0,0000;0,8118;;;;;;
SEAT;I1;elmo;full;cosine similarity;template;word-average;names;0,0000;0,6333;;;;;;
SEAT;I1;elmo;full;cosine similarity;template;sent;terms;0,0078;0,1923;;;;;;
SEAT;I1;elmo;full;cosine similarity;template;word-average;terms;0,0000;0,4479;;;;;;
SEAT;I2;elmo;full;cosine similarity;template;sent;names;0,0000;1,3345;;;;;;
SEAT;I2;elmo;full;cosine similarity;template;word-average;names;0,0000;1,0134;;;;;;
SEAT;I2;elmo;full;cosine similarity;template;sent;terms;0,0000;1,1179;;;;;;
SEAT;I2;elmo;full;cosine similarity;template;word-average;terms;0,0000;0,9216;;;;;;
SEAT;Occ;elmo;full;cosine similarity;template;sent;names;0,0000;1,3878;;;;;;
SEAT;Occ;elmo;full;cosine similarity;template;word-average;names;0,0000;1,2139;;;;;;
SEAT;Occ;elmo;full;cosine similarity;template;sent;terms;0,0000;1,1709;;;;;;
SEAT;Occ;elmo;full;cosine similarity;template;word-average;terms;0,0000;1,0837;;;;;;
SEAT;C1;bert;full;cosine similarity;template;sent;names;0,0000;0,9334;;;;;;
SEAT;C1;bert;full;cosine similarity;template;word-average;names;0,0000;1,0770;;;;;;
SEAT;C1;bert;full;cosine similarity;template;word-start;names;0,0000;0,8808;;;;;;
SEAT;C1;bert;full;cosine similarity;template;word-end;names;0,0000;0,9350;;;;;;
SEAT;C3;bert;full;cosine similarity;template;sent;names;0,0000;0,6831;;;;;;
SEAT;C3;bert;full;cosine similarity;template;word-average;names;0,0000;0,8144;;;;;;
SEAT;C3;bert;full;cosine similarity;template;word-start;names;0,0000;0,9216;;;;;;
SEAT;C3;bert;full;cosine similarity;template;word-end;names;0,0000;0,7609;;;;;;
SEAT;C3;bert;full;cosine similarity;template;sent;terms;0,8114;-0,0897;;;;;;
SEAT;C3;bert;full;cosine similarity;template;word-average;terms;1,0000;-0,4485;;;;;;
SEAT;C3;bert;full;cosine similarity;template;word-start;terms;1,0000;-0,4164;;;;;;
SEAT;C3;bert;full;cosine similarity;template;word-end;terms;1,0000;-0,4936;;;;;;
SEAT;C6;bert;full;cosine similarity;template;sent;names;0,0000;1,0545;;;;;;
SEAT;C6;bert;full;cosine similarity;template;word-average;names;0,0056;0,4748;;;;;;
SEAT;C6;bert;full;cosine similarity;template;word-start;names;0,0063;0,4633;;;;;;
SEAT;C6;bert;full;cosine similarity;template;word-end;names;0,0051;0,4801;;;;;;
SEAT;C6;bert;full;cosine similarity;template;sent;terms;0,1175;0,1809;;;;;;
SEAT;C6;bert;full;cosine similarity;template;word-average;terms;0,1201;0,1798;;;;;;
SEAT;C6;bert;full;cosine similarity;template;word-start;terms;0,1303;0,1716;;;;;;
SEAT;C6;bert;full;cosine similarity;template;word-end;terms;0,1124;0,1866;;;;;;
SEAT;C9;bert;full;cosine similarity;template;sent;names;0,0000;0,7246;;;modified dataset;;;
SEAT;C9;bert;full;cosine similarity;template;word-average;names;0,8273;-0,1264;;;modified dataset;;;
SEAT;C9;bert;full;cosine similarity;template;word-start;names;0,5102;-0,0045;;;modified dataset;;;
SEAT;C9;bert;full;cosine similarity;template;word-end;names;0,6798;-0,0640;;;modified dataset;;;
SEAT;C9;bert;full;cosine similarity;template;sent;names;0,0004;0,4593;;;;;;
SEAT;C9;bert;full;cosine similarity;template;word-average;names;0,7910;-0,1087;;;;;;
SEAT;C9;bert;full;cosine similarity;template;word-start;names;0,5717;-0,0250;;;;;;
SEAT;C9;bert;full;cosine similarity;template;word-end;names;0,2536;0,0892;;;;;;
SEAT;C9;bert;full;cosine similarity;template;sent;terms;0,6217;-0,0648;;;;;;
SEAT;C9;bert;full;cosine similarity;template;word-average;terms;0,0115;0,4617;;;;;;
SEAT;C9;bert;full;cosine similarity;template;word-start;terms;0,1051;0,2552;;;;;;
SEAT;C9;bert;full;cosine similarity;template;word-end;terms;0,0254;0,3993;;;;;;
SEAT;Dis;bert;full;cosine similarity;template;sent;terms;0,0080;0,2670;;;modified dataset;;;
SEAT;Dis;bert;full;cosine similarity;template;word-average;terms;0,2010;0,0940;;;modified dataset;;;
SEAT;Dis;bert;full;cosine similarity;template;word-start;terms;0,5184;-0,0048;;;modified dataset;;;
SEAT;Dis;bert;full;cosine similarity;template;word-end;terms;0,3225;0,0518;;;modified dataset;;;
SEAT;Dis;bert;full;cosine similarity;template;sent;terms;0,0093;0,2599;;;;;;
SEAT;Dis;bert;full;cosine similarity;template;word-average;terms;0,2347;0,0811;;;;;;
SEAT;Dis;bert;full;cosine similarity;template;word-start;terms;0,5340;-0,0106;;;;;;
SEAT;Dis;bert;full;cosine similarity;template;word-end;terms;0,4130;0,0250;;;;;;
SEAT;I1;bert;full;cosine similarity;template;sent;names;0,9998;-0,5317;;;;;;
SEAT;I1;bert;full;cosine similarity;template;word-average;names;0,0000;1,4862;;;;;;
SEAT;I1;bert;full;cosine similarity;template;word-start;names;0,0000;1,3633;;;;;;
SEAT;I1;bert;full;cosine similarity;template;word-end;names;0,2858;0,0887;;;;;;
SEAT;I1;bert;full;cosine similarity;template;sent;terms;1,0000;-0,4398;;;;;;
SEAT;I1;bert;full;cosine similarity;template;word-average;terms;0,0000;0,8180;;;;;;
SEAT;I1;bert;full;cosine similarity;template;word-start;terms;0,0000;0,8967;;;;;;
SEAT;I1;bert;full;cosine similarity;template;word-end;terms;1,0000;-0,3649;;;;;;
SEAT;I2;bert;full;cosine similarity;template;sent;names;0,9998;-0,5395;;;;;;
SEAT;I2;bert;full;cosine similarity;template;word-average;names;0,0000;1,3818;;;;;;
SEAT;I2;bert;full;cosine similarity;template;word-start;names;0,0000;1,3875;;;;;;
SEAT;I2;bert;full;cosine similarity;template;word-end;names;0,0000;1,6633;;;;;;
SEAT;I2;bert;full;cosine similarity;template;sent;terms;0,9050;-0,1046;;;;;;
SEAT;I2;bert;full;cosine similarity;template;word-average;terms;0,0000;0,8301;;;;;;
SEAT;I2;bert;full;cosine similarity;template;word-start;terms;0,0000;0,8184;;;;;;
SEAT;I2;bert;full;cosine similarity;template;word-end;terms;0,0000;0,6618;;;;;;
SEAT;Occ;bert;full;cosine similarity;template;sent;names;0,0000;0,4762;;;;;;
SEAT;Occ;bert;full;cosine similarity;template;word-average;names;0,0000;1,0277;;;;;;
SEAT;Occ;bert;full;cosine similarity;template;word-start;names;0,0000;0,9731;;;;;;
SEAT;Occ;bert;full;cosine similarity;template;word-end;names;0,0000;1,1099;;;;;;
SEAT;Occ;bert;full;cosine similarity;template;sent;terms;0,0000;0,7590;;;;;;
SEAT;Occ;bert;full;cosine similarity;template;word-average;terms;0,0000;0,9761;;;;;;
SEAT;Occ;bert;full;cosine similarity;template;word-start;terms;0,0000;1,1128;;;;;;
SEAT;Occ;bert;full;cosine similarity;template;word-end;terms;0,0000;0,8568;;;;;;
SEAT;C1;gpt2;full;cosine similarity;template;sent;names;0,0000;0,5443;;;;;;
SEAT;C1;gpt2;full;cosine similarity;template;word-average;names;0,0000;0,7416;;;;;;
SEAT;C1;gpt2;full;cosine similarity;template;word-start;names;0,0000;0,4959;;;;;;
SEAT;C1;gpt2;full;cosine similarity;template;word-end;names;0,0000;0,4724;;;;;;
SEAT;C3;gpt2;full;cosine similarity;template;sent;names;0,0000;0,3830;;;;;;
SEAT;C3;gpt2;full;cosine similarity;template;word-average;names;0,0000;1,2434;;;;;;
SEAT;C3;gpt2;full;cosine similarity;template;word-start;names;0,0000;1,0323;;;;;;
SEAT;C3;gpt2;full;cosine similarity;template;word-end;names;0,0000;0,7566;;;;;;
SEAT;C3;gpt2;full;cosine similarity;template;sent;terms;0,1279;0,1147;;;;;;
SEAT;C3;gpt2;full;cosine similarity;template;word-average;terms;0,0000;0,4281;;;;;;
SEAT;C3;gpt2;full;cosine similarity;template;word-start;terms;0,0006;0,3254;;;;;;
SEAT;C3;gpt2;full;cosine similarity;template;word-end;terms;0,0000;0,4544;;;;;;
SEAT;C6;gpt2;full;cosine similarity;template;sent;names;0,2953;0,1008;;;;;;
SEAT;C6;gpt2;full;cosine similarity;template;word-average;names;0,2591;0,1222;;;;;;
SEAT;C6;gpt2;full;cosine similarity;template;word-start;names;0,1189;0,2252;;;;;;
SEAT;C6;gpt2;full;cosine similarity;template;word-end;names;0,4799;0,0092;;;;;;
SEAT;C6;gpt2;full;cosine similarity;template;sent;terms;0,9432;-0,2442;;;;;;
SEAT;C6;gpt2;full;cosine similarity;template;word-average;terms;0,9653;-0,2754;;;;;;
SEAT;C6;gpt2;full;cosine similarity;template;word-start;terms;0,8920;-0,1876;;;;;;
SEAT;C6;gpt2;full;cosine similarity;template;word-end;terms;0,9869;-0,3375;;;;;;
SEAT;C9;gpt2;full;cosine similarity;template;sent;names;0,9283;-0,1952;;;modified dataset;;;
SEAT;C9;gpt2;full;cosine similarity;template;word-average;names;0,9263;-0,1951;;;modified dataset;;;
SEAT;C9;gpt2;full;cosine similarity;template;word-start;names;0,7900;-0,1081;;;modified dataset;;;
SEAT;C9;gpt2;full;cosine similarity;template;word-end;names;0,9273;-0,1958;;;modified dataset;;;
SEAT;C9;gpt2;full;cosine similarity;template;sent;names;0,9189;-0,1863;;;;;;
SEAT;C9;gpt2;full;cosine similarity;template;word-average;names;0,8964;-0,1695;;;;;;
SEAT;C9;gpt2;full;cosine similarity;template;word-start;names;0,7691;-0,0989;;;;;;
SEAT;C9;gpt2;full;cosine similarity;template;word-end;names;0,7767;-0,1029;;;;;;
SEAT;C9;gpt2;full;cosine similarity;template;sent;terms;1,0000;-0,8997;;;;;;
SEAT;C9;gpt2;full;cosine similarity;template;word-average;terms;1,0000;-0,8986;;;;;;
SEAT;C9;gpt2;full;cosine similarity;template;word-start;terms;0,8889;-0,2507;;;;;;
SEAT;C9;gpt2;full;cosine similarity;template;word-end;terms;1,0000;-1,0599;;;;;;
SEAT;Dis;gpt2;full;cosine similarity;template;sent;terms;0,9966;-0,3011;;;modified dataset;;;
SEAT;Dis;gpt2;full;cosine similarity;template;word-average;terms;0,0000;0,7679;;;modified dataset;;;
SEAT;Dis;gpt2;full;cosine similarity;template;word-start;terms;0,0000;0,7540;;;modified dataset;;;
SEAT;Dis;gpt2;full;cosine similarity;template;word-end;terms;1,0000;-0,7427;;;modified dataset;;;
SEAT;Dis;gpt2;full;cosine similarity;template;sent;terms;0,9957;-0,2954;;;;;;
SEAT;Dis;gpt2;full;cosine similarity;template;word-average;terms;0,0000;0,7719;;;;;;
SEAT;Dis;gpt2;full;cosine similarity;template;word-start;terms;0,0000;0,7583;;;;;;
SEAT;Dis;gpt2;full;cosine similarity;template;word-end;terms;1,0000;-0,7304;;;;;;
SEAT;I1;gpt2;full;cosine similarity;template;sent;names;0,9834;-0,3287;;;;;;
SEAT;I1;gpt2;full;cosine similarity;template;word-average;names;0,9997;-0,5241;;;;;;
SEAT;I1;gpt2;full;cosine similarity;template;word-start;names;0,0000;0,8297;;;;;;
SEAT;I1;gpt2;full;cosine similarity;template;word-end;names;0,9640;-0,2777;;;;;;
SEAT;I1;gpt2;full;cosine similarity;template;sent;terms;0,0008;0,2520;;;;;;
SEAT;I1;gpt2;full;cosine similarity;template;word-average;terms;0,9570;-0,1367;;;;;;
SEAT;I1;gpt2;full;cosine similarity;template;word-start;terms;0,9863;-0,1758;;;;;;
SEAT;I1;gpt2;full;cosine similarity;template;word-end;terms;0,0000;0,5463;;;;;;
SEAT;I2;gpt2;full;cosine similarity;template;sent;names;0,9735;-0,2978;;;;;;
SEAT;I2;gpt2;full;cosine similarity;template;word-average;names;1,0000;-0,8758;;;;;;
SEAT;I2;gpt2;full;cosine similarity;template;word-start;names;0,2820;0,0898;;;;;;
SEAT;I2;gpt2;full;cosine similarity;template;word-end;names;0,9998;-0,5363;;;;;;
SEAT;I2;gpt2;full;cosine similarity;template;sent;terms;1,0000;-0,7301;;;;;;
SEAT;I2;gpt2;full;cosine similarity;template;word-average;terms;0,8712;-0,0902;;;;;;
SEAT;I2;gpt2;full;cosine similarity;template;word-start;terms;0,8516;-0,0828;;;;;;
SEAT;I2;gpt2;full;cosine similarity;template;word-end;terms;0,7408;-0,0514;;;;;;
SEAT;Occ;gpt2;full;cosine similarity;template;sent;names;0,3033;0,0544;;;;;;
SEAT;Occ;gpt2;full;cosine similarity;template;word-average;names;0,0711;0,1541;;;;;;
SEAT;Occ;gpt2;full;cosine similarity;template;word-start;names;0,7355;-0,0656;;;;;;
SEAT;Occ;gpt2;full;cosine similarity;template;word-end;names;0,0011;0,3158;;;;;;
SEAT;Occ;gpt2;full;cosine similarity;template;sent;terms;0,0038;0,4013;;;;;;
SEAT;Occ;gpt2;full;cosine similarity;template;word-average;terms;0,0013;0,4582;;;;;;
SEAT;Occ;gpt2;full;cosine similarity;template;word-start;terms;0,0065;0,3767;;;;;;
SEAT;Occ;gpt2;full;cosine similarity;template;word-end;terms;0,0007;0,4802;;;;;;
SEAT;C1;elmo;full;cosine similarity;reddit;sent;names;0,0000;0,9860;;;;;;
SEAT;C1;elmo;full;cosine similarity;reddit;word-average;names;0,0000;1,3876;;;;;;
SEAT;C3;elmo;full;cosine similarity;reddit;sent;names;0,0000;0,2045;;;;;;
SEAT;C3;elmo;full;cosine similarity;reddit;word-average;names;0,0000;0,6161;;;;;;
SEAT;C3;elmo;full;cosine similarity;reddit;sent;terms;0,0000;0,2158;;;;;;
SEAT;C3;elmo;full;cosine similarity;reddit;word-average;terms;0,9321;-0,0558;;;;;;
SEAT;C6;elmo;full;cosine similarity;reddit;sent;names;0,0000;0,8744;;;;;;
SEAT;C6;elmo;full;cosine similarity;reddit;word-average;names;0,0000;1,6058;;;;;;
SEAT;C6;elmo;full;cosine similarity;reddit;sent;terms;0,0000;0,4057;;;;;;
SEAT;C6;elmo;full;cosine similarity;reddit;word-average;terms;0,0000;0,3498;;;;;;
SEAT;C9;elmo;full;cosine similarity;reddit;sent;names;0,0000;0,5450;;;;;;
SEAT;C9;elmo;full;cosine similarity;reddit;word-average;names;0,9991;-0,0382;;;;;;
SEAT;C9;elmo;full;cosine similarity;reddit;sent;names;0,0000;0,5855;;;modified dataset;;;
SEAT;C9;elmo;full;cosine similarity;reddit;word-average;names;0,0000;0,2390;;;modified dataset;;;
SEAT;C9;elmo;full;cosine similarity;reddit;sent;terms;0,0000;0,8952;;;;;;
SEAT;C9;elmo;full;cosine similarity;reddit;word-average;terms;0,0000;1,4585;;;;;;
SEAT;Occ;elmo;full;cosine similarity;reddit;sent;names;0,0000;0,7941;;;;;;
SEAT;Occ;elmo;full;cosine similarity;reddit;word-average;names;0,0000;1,4114;;;;;;
SEAT;Occ;elmo;full;cosine similarity;reddit;sent;terms;0,0000;0,8706;;;;;;
SEAT;Occ;elmo;full;cosine similarity;reddit;word-average;terms;0,0000;1,4583;;;;;;
SEAT;Dis;elmo;full;cosine similarity;reddit;sent;terms;0,0000;0,3909;;;;;;
SEAT;Dis;elmo;full;cosine similarity;reddit;word-average;terms;0,0000;0,8853;;;;;;
SEAT;Dis;elmo;full;cosine similarity;reddit;sent;terms;0,0000;0,3920;;;modified dataset;;;
SEAT;Dis;elmo;full;cosine similarity;reddit;word-average;terms;0,0000;0,8837;;;modified dataset;;;
SEAT;I1;elmo;full;cosine similarity;reddit;sent;names;0,0000;0,4457;;;;;;
SEAT;I1;elmo;full;cosine similarity;reddit;word-average;names;0,0000;1,3583;;;;;;
SEAT;I1;elmo;full;cosine similarity;reddit;sent;terms;0,6160;-0,0919;;;;;;
SEAT;I1;elmo;full;cosine similarity;reddit;word-average;terms;0,9612;-0,5448;;;;;;
SEAT;I2;elmo;full;cosine similarity;reddit;sent;names;0,0000;0,6211;;;;;;
SEAT;I2;elmo;full;cosine similarity;reddit;word-average;names;0,0000;1,4323;;;;;;
SEAT;I2;elmo;full;cosine similarity;reddit;sent;terms;0,0220;0,6189;;;;;;
SEAT;I2;elmo;full;cosine similarity;reddit;word-average;terms;0,2986;0,1653;;;;;;
SEAT;C1;bert;full;cosine similarity;reddit;sent;names;0,0000;0,6065;;;;;;
SEAT;C1;bert;full;cosine similarity;reddit;word-average;names;0,0000;0,9150;;;;;;
SEAT;C1;bert;full;cosine similarity;reddit;word-start;names;0,0000;0,7525;;;;;;
SEAT;C1;bert;full;cosine similarity;reddit;word-end;names;0,0000;0,9303;;;;;;
SEAT;C3;bert;full;cosine similarity;reddit;sent;names;0,0000;0,0656;;;;;;
SEAT;C3;bert;full;cosine similarity;reddit;word-average;names;0,0000;0,2160;;;;;;
SEAT;C3;bert;full;cosine similarity;reddit;word-start;names;0,0000;0,2593;;;;;;
SEAT;C3;bert;full;cosine similarity;reddit;word-end;names;0,0000;0,2276;;;;;;
SEAT;C3;bert;full;cosine similarity;reddit;sent;terms;0,0000;0,1936;;;;;;
SEAT;C3;bert;full;cosine similarity;reddit;word-average;terms;0,0000;0,7162;;;;;;
SEAT;C3;bert;full;cosine similarity;reddit;word-start;terms;0,0000;0,6911;;;;;;
SEAT;C3;bert;full;cosine similarity;reddit;word-end;terms;0,0000;0,7293;;;;;;
SEAT;C6;bert;full;cosine similarity;reddit;sent;names;0,0000;0,5780;;;;;;
SEAT;C6;bert;full;cosine similarity;reddit;word-average;names;0,0000;0,6275;;;;;;
SEAT;C6;bert;full;cosine similarity;reddit;word-start;names;0,0000;0,6272;;;;;;
SEAT;C6;bert;full;cosine similarity;reddit;word-end;names;0,0000;0,6275;;;;;;
SEAT;C6;bert;full;cosine similarity;reddit;sent;terms;0,0000;0,3677;;;;;;
SEAT;C6;bert;full;cosine similarity;reddit;word-average;terms;0,0000;0,3168;;;;;;
SEAT;C6;bert;full;cosine similarity;reddit;word-start;terms;0,0000;0,3169;;;;;;
SEAT;C6;bert;full;cosine similarity;reddit;word-end;terms;0,0000;0,3168;;;;;;
SEAT;C9;bert;full;cosine similarity;reddit;sent;names;0,0000;0,1979;;;;;;
SEAT;C9;bert;full;cosine similarity;reddit;word-average;names;1,0000;-0,1509;;;;;;
SEAT;C9;bert;full;cosine similarity;reddit;word-start;names;1,0000;-0,1083;;;;;;
SEAT;C9;bert;full;cosine similarity;reddit;word-end;names;1,0000;-0,1153;;;;;;
SEAT;C9;bert;full;cosine similarity;reddit;sent;names;0,0000;0,2276;;;modified dataset;;;
SEAT;C9;bert;full;cosine similarity;reddit;word-average;names;1,0000;-0,0578;;;modified dataset;;;
SEAT;C9;bert;full;cosine similarity;reddit;word-start;names;0,9997;-0,0419;;;modified dataset;;;
SEAT;C9;bert;full;cosine similarity;reddit;word-end;names;1,0000;-0,0769;;;modified dataset;;;
SEAT;C9;bert;full;cosine similarity;reddit;sent;terms;0,9116;-0,0245;;;;;;
SEAT;C9;bert;full;cosine similarity;reddit;word-average;terms;0,0497;0,0301;;;;;;
SEAT;C9;bert;full;cosine similarity;reddit;word-start;terms;1,0000;-0,3384;;;;;;
SEAT;C9;bert;full;cosine similarity;reddit;word-end;terms;0,0000;0,4085;;;;;;
SEAT;Occ;bert;full;cosine similarity;reddit;sent;names;0,0000;0,2936;;;;;;
SEAT;Occ;bert;full;cosine similarity;reddit;word-average;names;0,0000;0,7692;;;;;;
SEAT;Occ;bert;full;cosine similarity;reddit;word-start;names;0,0000;0,7328;;;;;;
SEAT;Occ;bert;full;cosine similarity;reddit;word-end;names;0,0000;0,8115;;;;;;
SEAT;Occ;bert;full;cosine similarity;reddit;sent;terms;0,0000;0,5405;;;;;;
SEAT;Occ;bert;full;cosine similarity;reddit;word-average;terms;0,0000;1,3453;;;;;;
SEAT;Occ;bert;full;cosine similarity;reddit;word-start;terms;0,0000;1,3325;;;;;;
SEAT;Occ;bert;full;cosine similarity;reddit;word-end;terms;0,0000;1,2629;;;;;;
SEAT;Dis;bert;full;cosine similarity;reddit;sent;terms;0,0000;0,3656;;;;;;
SEAT;Dis;bert;full;cosine similarity;reddit;word-average;terms;0,0000;0,6339;;;;;;
SEAT;Dis;bert;full;cosine similarity;reddit;word-start;terms;0,0000;0,6911;;;;;;
SEAT;Dis;bert;full;cosine similarity;reddit;word-end;terms;0,0000;0,5855;;;;;;
SEAT;Dis;bert;full;cosine similarity;reddit;sent;terms;0,0000;0,3728;;;modified dataset;;;
SEAT;Dis;bert;full;cosine similarity;reddit;word-average;terms;0,0000;0,6225;;;modified dataset;;;
SEAT;Dis;bert;full;cosine similarity;reddit;word-start;terms;0,0000;0,6925;;;modified dataset;;;
SEAT;Dis;bert;full;cosine similarity;reddit;word-end;terms;0,0000;0,5854;;;modified dataset;;;
SEAT;I1;bert;full;cosine similarity;reddit;sent;names;0,0000;0,4249;;;;;;
SEAT;I1;bert;full;cosine similarity;reddit;word-average;names;0,0000;0,7334;;;;;;
SEAT;I1;bert;full;cosine similarity;reddit;word-start;names;0,0000;0,3364;;;;;;
SEAT;I1;bert;full;cosine similarity;reddit;word-end;names;0,0000;1,1047;;;;;;
SEAT;I1;bert;full;cosine similarity;reddit;sent;terms;0,0287;0,5836;;;;;;
SEAT;I1;bert;full;cosine similarity;reddit;word-average;terms;0,0021;0,8559;;;;;;
SEAT;I1;bert;full;cosine similarity;reddit;word-start;terms;0,0001;1,1477;;;;;;
SEAT;I1;bert;full;cosine similarity;reddit;word-end;terms;0,0000;1,1648;;;;;;
SEAT;I2;bert;full;cosine similarity;reddit;sent;names;0,0000;0,4783;;;;;;
SEAT;I2;bert;full;cosine similarity;reddit;word-average;names;0,0000;0,6611;;;;;;
SEAT;I2;bert;full;cosine similarity;reddit;word-start;names;0,0000;0,2703;;;;;;
SEAT;I2;bert;full;cosine similarity;reddit;word-end;names;0,0000;1,0036;;;;;;
SEAT;I2;bert;full;cosine similarity;reddit;sent;terms;0,0007;0,9395;;;;;;
SEAT;I2;bert;full;cosine similarity;reddit;word-average;terms;0,0005;0,9615;;;;;;
SEAT;I2;bert;full;cosine similarity;reddit;word-start;terms;0,0001;1,1028;;;;;;
SEAT;I2;bert;full;cosine similarity;reddit;word-end;terms;0,0001;1,1069;;;;;;
SEAT;C1;gpt2;full;cosine similarity;reddit;sent;names;0,0000;0,0551;;;;;;
SEAT;C1;gpt2;full;cosine similarity;reddit;word-average;names;0,0000;0,1537;;;;;;
SEAT;C1;gpt2;full;cosine similarity;reddit;word-start;names;1,0000;-0,1055;;;;;;
SEAT;C1;gpt2;full;cosine similarity;reddit;word-end;names;0,0000;0,2733;;;;;;
SEAT;C3;gpt2;full;cosine similarity;reddit;sent;names;0,3190;0,0043;;;;;;
SEAT;C3;gpt2;full;cosine similarity;reddit;word-average;names;0,0000;0,7351;;;;;;
SEAT;C3;gpt2;full;cosine similarity;reddit;word-start;names;0,0000;0,9588;;;;;;
SEAT;C3;gpt2;full;cosine similarity;reddit;word-end;names;0,0000;0,2667;;;;;;
SEAT;C3;gpt2;full;cosine similarity;reddit;sent;terms;0,6702;-0,0165;;;;;;
SEAT;C3;gpt2;full;cosine similarity;reddit;word-average;terms;1,0000;-0,1984;;;;;;
SEAT;C3;gpt2;full;cosine similarity;reddit;word-start;terms;0,9709;-0,0708;;;;;;
SEAT;C3;gpt2;full;cosine similarity;reddit;word-end;terms;1,0000;-0,3103;;;;;;
SEAT;C6;gpt2;full;cosine similarity;reddit;sent;names;0,7503;-0,0106;;;;;;
SEAT;C6;gpt2;full;cosine similarity;reddit;word-average;names;0,0319;0,0294;;;;;;
SEAT;C6;gpt2;full;cosine similarity;reddit;word-start;names;0,0275;0,0305;;;;;;
SEAT;C6;gpt2;full;cosine similarity;reddit;word-end;names;0,0443;0,0271;;;;;;
SEAT;C6;gpt2;full;cosine similarity;reddit;sent;terms;0,9967;-0,0428;;;;;;
SEAT;C6;gpt2;full;cosine similarity;reddit;word-average;terms;1,0000;-0,1636;;;;;;
SEAT;C6;gpt2;full;cosine similarity;reddit;word-start;terms;1,0000;-0,1620;;;;;;
SEAT;C6;gpt2;full;cosine similarity;reddit;word-end;terms;1,0000;-0,1617;;;;;;
SEAT;C9;gpt2;full;cosine similarity;reddit;sent;names;1,0000;-0,0616;;;;;;
SEAT;C9;gpt2;full;cosine similarity;reddit;word-average;names;1,0000;-0,0667;;;;;;
SEAT;C9;gpt2;full;cosine similarity;reddit;word-start;names;1,0000;-0,1251;;;;;;
SEAT;C9;gpt2;full;cosine similarity;reddit;word-end;names;1,0000;-0,0944;;;;;;
SEAT;C9;gpt2;full;cosine similarity;reddit;sent;names;1,0000;-0,0640;;;modified dataset;;;
SEAT;C9;gpt2;full;cosine similarity;reddit;word-average;names;0,7740;-0,0092;;;modified dataset;;;
SEAT;C9;gpt2;full;cosine similarity;reddit;word-start;names;1,0000;-0,0657;;;modified dataset;;;
SEAT;C9;gpt2;full;cosine similarity;reddit;word-end;names;1,0000;-0,0769;;;modified dataset;;;
SEAT;C9;gpt2;full;cosine similarity;reddit;sent;terms;1,0000;-0,0779;;;;;;
SEAT;C9;gpt2;full;cosine similarity;reddit;word-average;terms;1,0000;-0,2532;;;;;;
SEAT;C9;gpt2;full;cosine similarity;reddit;word-start;terms;0,9814;-0,0383;;;;;;
SEAT;C9;gpt2;full;cosine similarity;reddit;word-end;terms;1,0000;-0,3142;;;;;;
SEAT;Occ;gpt2;full;cosine similarity;reddit;sent;names;0,9995;-0,0325;;;;;;
SEAT;Occ;gpt2;full;cosine similarity;reddit;word-average;names;0,0000;0,0817;;;;;;
SEAT;Occ;gpt2;full;cosine similarity;reddit;word-start;names;0,0000;0,0970;;;;;;
SEAT;Occ;gpt2;full;cosine similarity;reddit;word-end;names;0,0000;0,0540;;;;;;
SEAT;Occ;gpt2;full;cosine similarity;reddit;sent;terms;0,0000;0,0854;;;;;;
SEAT;Occ;gpt2;full;cosine similarity;reddit;word-average;terms;0,0000;0,3836;;;;;;
SEAT;Occ;gpt2;full;cosine similarity;reddit;word-start;terms;0,0000;0,3745;;;;;;
SEAT;Occ;gpt2;full;cosine similarity;reddit;word-end;terms;0,0000;0,3888;;;;;;
SEAT;Dis;gpt2;full;cosine similarity;reddit;sent;terms;0,0148;0,0485;;;;;;
SEAT;Dis;gpt2;full;cosine similarity;reddit;word-average;terms;0,0000;0,2405;;;;;;
SEAT;Dis;gpt2;full;cosine similarity;reddit;word-start;terms;0,0000;0,2687;;;;;;
SEAT;Dis;gpt2;full;cosine similarity;reddit;word-end;terms;1,0000;-0,1497;;;;;;
SEAT;Dis;gpt2;full;cosine similarity;reddit;sent;terms;0,0418;0,0388;;;modified dataset;;;
SEAT;Dis;gpt2;full;cosine similarity;reddit;word-average;terms;0,0000;0,2277;;;modified dataset;;;
SEAT;Dis;gpt2;full;cosine similarity;reddit;word-start;terms;0,0000;0,2656;;;modified dataset;;;
SEAT;Dis;gpt2;full;cosine similarity;reddit;word-end;terms;1,0000;-0,1373;;;modified dataset;;;
SEAT;I1;gpt2;full;cosine similarity;reddit;sent;names;0,9714;-0,0405;;;;;;
SEAT;I1;gpt2;full;cosine similarity;reddit;word-average;names;0,0000;0,6673;;;;;;
SEAT;I1;gpt2;full;cosine similarity;reddit;word-start;names;0,0000;1,2783;;;;;;
SEAT;I1;gpt2;full;cosine similarity;reddit;word-end;names;0,8598;-0,0230;;;;;;
SEAT;I1;gpt2;full;cosine similarity;reddit;sent;terms;0,8794;-0,3705;;;;;;
SEAT;I1;gpt2;full;cosine similarity;reddit;word-average;terms;0,9581;-0,5334;;;;;;
SEAT;I1;gpt2;full;cosine similarity;reddit;word-start;terms;0,9876;-0,6849;;;;;;
SEAT;I1;gpt2;full;cosine similarity;reddit;word-end;terms;0,9900;-0,7090;;;;;;
SEAT;I2;gpt2;full;cosine similarity;reddit;sent;names;0,8667;-0,0236;;;;;;
SEAT;I2;gpt2;full;cosine similarity;reddit;word-average;names;0,0000;0,2042;;;;;;
SEAT;I2;gpt2;full;cosine similarity;reddit;word-start;names;0,0000;0,7486;;;;;;
SEAT;I2;gpt2;full;cosine similarity;reddit;word-end;names;0,0011;0,0662;;;;;;
SEAT;I2;gpt2;full;cosine similarity;reddit;sent;terms;0,9203;-0,4345;;;;;;
SEAT;I2;gpt2;full;cosine similarity;reddit;word-average;terms;0,5211;-0,0209;;;;;;
SEAT;I2;gpt2;full;cosine similarity;reddit;word-start;terms;0,9940;-0,7615;;;;;;
SEAT;I2;gpt2;full;cosine similarity;reddit;word-end;terms;0,0033;0,8180;;;;;;
LPBS;C1;bert;reduced;probability;template;;names;0,6237;0,1743;;;;;;
LPBS;C1;bert;simplified;probability;template;;names;0,0916;0,4095;;;;;;
LPBS;C1;bert;full;probability;template;;names;0,7027;0,0940;;;;;;
LPBS;C3;bert;reduced;probability;template;;names;0,2117;0,4387;;;;;;
LPBS;C3;bert;full;probability;template;;names;0,2181;0,4348;;;;;;
LPBS;C3;bert;simplified;probability;template;;terms;0,0000;0,9061;;;;;;
LPBS;C3;bert;full;probability;template;;terms;0,1479;0,3531;;;;;;
LPBS;C6;bert;reduced;probability;template;;names;0,0032;0,9953;;;;;;
LPBS;C6;bert;full;probability;template;;names;0,0032;0,9953;;;;;;
LPBS;C6;bert;reduced;probability;template;;terms;0,0021;1,0057;;;;;;
LPBS;C6;bert;simplified;probability;template;;terms;0,0275;0,5444;;;;;;
LPBS;C6;bert;full;probability;template;;terms;0,1246;0,3839;;;;;;
LPBS;C9;bert;reduced;probability;template;;names;0,0759;0,8688;;;modified dataset;;;
LPBS;C9;bert;simplified;probability;template;;names;0,5122;-0,3404;;;modified dataset;;;
LPBS;C9;bert;full;probability;template;;names;0,0908;0,8470;;;modified dataset;;;
LPBS;C9;bert;reduced;probability;template;;names;0,1586;0,7608;;;;;;
LPBS;C9;bert;simplified;probability;template;;names;0,6505;-0,2566;;;;;;
LPBS;C9;bert;full;probability;template;;names;0,1390;0,8202;;;;;;
LPBS;C9;bert;reduced;probability;template;;terms;0,7480;0,2178;;;;;;
LPBS;C9;bert;full;probability;template;;terms;0,7044;0,2596;;;;;;
LPBS;Dis;bert;full;probability;template;;terms;0,0000;0,4796;;;modified dataset;;;
LPBS;Dis;bert;full;probability;template;;terms;0,0000;0,4915;;;;;;
LPBS;I1;bert;full;probability;template;;names;0,3640;0,3597;;;;;;
LPBS;I1;bert;full;probability;template;;terms;0,0488;-0,7592;;;;;;
LPBS;I2;bert;full;probability;template;;names;0,2595;0,5734;;;;;;
LPBS;I2;bert;full;probability;template;;terms;0,2628;-0,5783;;;;;;
LPBS;Occ;bert;reduced;probability;template;;names;0,0006;0,9153;;;;;;
LPBS;Occ;bert;full;probability;template;;names;0,0005;0,9493;;;;;;
LPBS;Occ;bert;reduced;probability;template;;terms;0,0023;0,8998;;;;;;
LPBS;Occ;bert;simplified;probability;template;;terms;0,0000;0,9875;;;;;;
LPBS;Occ;bert;full;probability;template;;terms;0,0000;0,8728;;;;;;
LPBS;C1;bert;full;probability;reddit;;names;0,0000;0,1988;;;;;;
LPBS;C3;bert;full;probability;reddit;;names;0,0000;NaN;;;;;;
LPBS;C6;bert;full;probability;reddit;;names;0,0000;NaN;;;;;;
LPBS;C9;bert;full;probability;reddit;;terms;0,0000;0,2585;;;;;;
LPBS;Dis;bert;full;probability;reddit;;terms;0,9308;-0,0016;;;;;;
LPBS;Occ;bert;full;probability;reddit;;names;0,0000;NaN;;;;;;
LPBS;I1;bert;full;probability;reddit;;names;0,0000;NaN;;;;;;
LPBS;I2;bert;full;probability;reddit;;names;0,0000;NaN;;;;;;
CEAT;C1;elmo;full;cosine similarity;template;word-average;names;0,0000;0,9352;0,3118;0,0960;;;;
CEAT;C3;elmo;full;cosine similarity;template;word-average;names;0,0000;0,3238;0,2635;0,0692;;;;
CEAT;C6;elmo;full;cosine similarity;template;word-average;names;0,0000;0,6757;0,5375;0,2885;;;;
CEAT;C9;elmo;full;cosine similarity;template;word-average;terms;0,0000;0,7285;0,3241;0,1051;;;;
CEAT;Dis;elmo;full;cosine similarity;template;word-average;terms;0,0000;0,8654;0,1044;0,0109;;;;
CEAT;Occ;elmo;full;cosine similarity;template;word-average;names;0,0000;0,5730;0,4118;0,1693;;;;
CEAT;I1;elmo;full;cosine similarity;template;word-average;names;0,0000;0,6203;0,3048;0,0929;;;;
CEAT;I2;elmo;full;cosine similarity;template;word-average;names;0,0000;0,9946;0,2415;0,0583;;;;
CEAT;C1;bert;full;cosine similarity;template;word-average;names;0,0000;0,9719;0,1762;0,0310;;;;
CEAT;C3;bert;full;cosine similarity;template;word-average;names;0,0000;0,5477;0,3467;0,1202;;;;
CEAT;C6;bert;full;cosine similarity;template;word-average;names;0,0000;0,3067;0,4174;0,1742;;;;
CEAT;C9;bert;full;cosine similarity;template;word-average;terms;0,0000;0,4333;0,3271;0,1070;;;;
CEAT;Dis;bert;full;cosine similarity;template;word-average;terms;0,0000;0,0822;0,1095;0,0120;;;;
CEAT;Occ;bert;full;cosine similarity;template;word-average;names;0,0000;0,6596;0,2711;0,0735;;;;
CEAT;I1;bert;full;cosine similarity;template;word-average;names;0,0000;1,4258;0,1585;0,0251;;;;
CEAT;I2;bert;full;cosine similarity;template;word-average;names;0,0000;1,3424;0,1789;0,0320;;;;
CEAT;C1;gpt2;full;cosine similarity;template;word-average;names;0,0000;0,4849;0,2765;0,0764;;;;
CEAT;C3;gpt2;full;cosine similarity;template;word-average;names;0,0000;0,5724;0,7201;0,5186;;;;
CEAT;C6;gpt2;full;cosine similarity;template;word-average;names;0,0000;0,1465;0,3437;0,1181;;;;
CEAT;C9;gpt2;full;cosine similarity;template;word-average;terms;0,0000;-0,8739;0,3549;0,1260;;;;
CEAT;Dis;gpt2;full;cosine similarity;template;word-average;terms;0,0000;0,7679;0,1200;0,0144;;;;
CEAT;Occ;gpt2;full;cosine similarity;template;word-average;names;0,0000;0,2239;0,3264;0,1066;;;;
CEAT;I1;gpt2;full;cosine similarity;template;word-average;names;0,0000;-0,5267;0,3589;0,1288;;;;
CEAT;I2;gpt2;full;cosine similarity;template;word-average;names;0,0000;-0,8394;0,3695;0,1365;;;;
CEAT;C1;elmo;full;cosine similarity;reddit;sent;names;0,0000;0,7830;0,2656;0,0705;;;;
CEAT;C1;elmo;full;cosine similarity;reddit;word-average;names;0,0000;1,3207;0,0960;0,0092;;;;
CEAT;C3;elmo;full;cosine similarity;reddit;sent;names;0,0000;0,1111;0,2583;0,0667;;;;
CEAT;C3;elmo;full;cosine similarity;reddit;word-average;names;0,0000;0,4592;0,1590;0,0253;;;;
CEAT;C3;elmo;full;cosine similarity;reddit;sent;terms;0,0000;0,0650;0,3761;0,1414;;;;
CEAT;C3;elmo;full;cosine similarity;reddit;word-average;terms;0,0000;-0,0628;0,3196;0,1021;;;;
CEAT;C6;elmo;full;cosine similarity;reddit;sent;names;0,0000;0,5094;0,4874;0,2376;;;;
CEAT;C6;elmo;full;cosine similarity;reddit;word-average;names;0,0000;1,4300;0,2092;0,0438;;;;
CEAT;C6;elmo;full;cosine similarity;reddit;sent;terms;0,0000;0,2696;0,4538;0,2059;;;;
CEAT;C6;elmo;full;cosine similarity;reddit;word-average;terms;0,0000;0,3233;0,1881;0,0355;;;;
CEAT;C9;elmo;full;cosine similarity;reddit;sent;names;0,0000;0,2179;0,4784;0,2288;;;;
CEAT;C9;elmo;full;cosine similarity;reddit;word-average;names;0,0000;-0,0198;0,4057;0,1645;;;;
CEAT;C9;elmo;full;cosine similarity;reddit;sent;names;0,0000;0,2445;0,4754;0,2260;modified dataset;;;
CEAT;C9;elmo;full;cosine similarity;reddit;word-average;names;0,0000;0,1748;0,4028;0,1623;modified dataset;;;
CEAT;C9;elmo;full;cosine similarity;reddit;sent;terms;0,0000;0,3464;0,6998;0,4895;;;;
CEAT;C9;elmo;full;cosine similarity;reddit;word-average;terms;0,0000;1,0351;0,4699;0,2208;;;;
CEAT;Occ;elmo;full;cosine similarity;reddit;sent;names;0,0000;0,4784;0,3003;0,0902;;;;
CEAT;Occ;elmo;full;cosine similarity;reddit;word-average;names;0,0000;1,2190;0,1574;0,0248;;;;
CEAT;Occ;elmo;full;cosine similarity;reddit;sent;terms;0,0000;0,5201;0,4582;0,2100;;;;
CEAT;Occ;elmo;full;cosine similarity;reddit;word-average;terms;0,0000;1,1639;0,2638;0,0696;;;;
CEAT;Dis;elmo;full;cosine similarity;reddit;sent;terms;0,0000;0,3660;0,3036;0,0922;;;;
CEAT;Dis;elmo;full;cosine similarity;reddit;word-average;terms;0,0000;0,6164;0,2370;0,0562;;;;
CEAT;Dis;elmo;full;cosine similarity;reddit;sent;terms;0,0000;0,3559;0,2973;0,0884;modified dataset;;;
CEAT;Dis;elmo;full;cosine similarity;reddit;word-average;terms;0,0000;0,5828;0,2301;0,0530;modified dataset;;;
CEAT;I1;elmo;full;cosine similarity;reddit;sent;names;0,0000;0,1551;0,4534;0,2055;;;;
CEAT;I1;elmo;full;cosine similarity;reddit;word-average;names;0,0000;1,0258;0,3170;0,1005;;;;
CEAT;I1;elmo;full;cosine similarity;reddit;sent;terms;0,0000;0,0593;0,5137;0,2639;;;;
CEAT;I1;elmo;full;cosine similarity;reddit;word-average;terms;0,0000;-0,0760;0,4897;0,2398;;;;
CEAT;I2;elmo;full;cosine similarity;reddit;sent;names;0,0000;0,2761;0,4529;0,2051;;;;
CEAT;I2;elmo;full;cosine similarity;reddit;word-average;names;0,0000;1,1071;0,2896;0,0839;;;;
CEAT;I2;elmo;full;cosine similarity;reddit;sent;terms;0,0001;-0,0208;0,5212;0,2717;;;;
CEAT;I2;elmo;full;cosine similarity;reddit;word-average;terms;0,0000;-0,2627;0,5099;0,2600;;;;
CEAT;C1;gpt2;full;cosine similarity;reddit;sent;names;0,0223;0,0064;0,2881;0,0830;;;;
CEAT;C1;gpt2;full;cosine similarity;reddit;word-average;names;0,0000;0,0971;0,3465;0,1201;;;;
CEAT;C1;gpt2;full;cosine similarity;reddit;word-start;names;0,0002;0,0116;0,3168;0,1004;;;;
CEAT;C1;gpt2;full;cosine similarity;reddit;word-end;names;0,0000;0,1155;0,3016;0,0910;;;;
CEAT;C3;gpt2;full;cosine similarity;reddit;sent;names;0,4645;0,0019;0,2517;0,0633;;;;
CEAT;C3;gpt2;full;cosine similarity;reddit;word-average;names;0,0000;0,2517;0,4955;0,2455;;;;
CEAT;C3;gpt2;full;cosine similarity;reddit;word-start;names;0,0000;0,3711;0,7274;0,5292;;;;
CEAT;C3;gpt2;full;cosine similarity;reddit;word-end;names;0,0000;0,0868;0,2609;0,0681;;;;
CEAT;C3;gpt2;full;cosine similarity;reddit;sent;terms;0,0000;0,0179;0,4606;0,2122;;;;
CEAT;C3;gpt2;full;cosine similarity;reddit;word-average;terms;0,0000;-0,1486;0,3797;0,1441;;;;
CEAT;C3;gpt2;full;cosine similarity;reddit;word-start;terms;0,0000;-0,0997;0,3813;0,1454;;;;
CEAT;C3;gpt2;full;cosine similarity;reddit;word-end;terms;0,0000;-0,1923;0,3715;0,1380;;;;
CEAT;C6;gpt2;full;cosine similarity;reddit;sent;names;0,0415;0,0109;0,5018;0,2518;;;;
CEAT;C6;gpt2;full;cosine similarity;reddit;word-average;names;0,0000;0,0291;0,4963;0,2463;;;;
CEAT;C6;gpt2;full;cosine similarity;reddit;word-start;names;0,0000;0,0228;0,4912;0,2413;;;;
CEAT;C6;gpt2;full;cosine similarity;reddit;word-end;names;0,0000;0,0285;0,4981;0,2481;;;;
CEAT;C6;gpt2;full;cosine similarity;reddit;sent;terms;0,7685;0,0015;0,5054;0,2555;;;;
CEAT;C6;gpt2;full;cosine similarity;reddit;word-average;terms;0,0000;-0,0289;0,5205;0,2710;;;;
CEAT;C6;gpt2;full;cosine similarity;reddit;word-start;terms;0,0000;-0,0272;0,5262;0,2769;;;;
CEAT;C6;gpt2;full;cosine similarity;reddit;word-end;terms;0,0000;-0,0315;0,5205;0,2709;;;;
CEAT;C9;gpt2;full;cosine similarity;reddit;sent;names;0,2181;0,0048;0,3821;0,1460;;;;
CEAT;C9;gpt2;full;cosine similarity;reddit;word-average;names;0,5701;0,0021;0,3482;0,1212;;;;
CEAT;C9;gpt2;full;cosine similarity;reddit;word-start;names;0,0000;-0,0486;0,2835;0,0804;;;;
CEAT;C9;gpt2;full;cosine similarity;reddit;word-end;names;0,2355;-0,0045;0,3836;0,1472;;;;
CEAT;C9;gpt2;full;cosine similarity;reddit;sent;names;0,7492;-0,0012;0,3800;0,1444;modified dataset;;;
CEAT;C9;gpt2;full;cosine similarity;reddit;word-average;names;0,0029;0,0108;0,3421;0,1171;modified dataset;;;
CEAT;C9;gpt2;full;cosine similarity;reddit;word-start;names;0,0000;-0,0153;0,2603;0,0678;modified dataset;;;
CEAT;C9;gpt2;full;cosine similarity;reddit;word-end;names;0,0134;-0,0095;0,3822;0,1461;modified dataset;;;
CEAT;C9;gpt2;full;cosine similarity;reddit;sent;terms;0,7679;-0,0020;0,5771;0,3331;;;;
CEAT;C9;gpt2;full;cosine similarity;reddit;word-average;terms;0,0000;-0,0558;0,5965;0,3558;;;;
CEAT;C9;gpt2;full;cosine similarity;reddit;word-start;terms;0,1253;0,0086;0,5237;0,2743;;;;
CEAT;C9;gpt2;full;cosine similarity;reddit;word-end;terms;0,0000;-0,0334;0,6412;0,4111;;;;
CEAT;Occ;gpt2;full;cosine similarity;reddit;sent;names;0,1143;-0,0044;0,2791;0,0779;;;;
CEAT;Occ;gpt2;full;cosine similarity;reddit;word-average;names;0,0000;-0,0194;0,3065;0,0940;;;;
CEAT;Occ;gpt2;full;cosine similarity;reddit;word-start;names;0,0000;-0,0343;0,2813;0,0791;;;;
CEAT;Occ;gpt2;full;cosine similarity;reddit;word-end;names;0,0000;0,0444;0,3071;0,0943;;;;
CEAT;Occ;gpt2;full;cosine similarity;reddit;sent;terms;0,1326;-0,0070;0,4982;0,2482;;;;
CEAT;Occ;gpt2;full;cosine similarity;reddit;word-average;terms;0,0000;0,1487;0,5086;0,2587;;;;
CEAT;Occ;gpt2;full;cosine similarity;reddit;word-start;terms;0,0000;0,0813;0,5193;0,2697;;;;
CEAT;Occ;gpt2;full;cosine similarity;reddit;word-end;terms;0,0000;0,1996;0,4956;0,2456;;;;
CEAT;Dis;gpt2;full;cosine similarity;reddit;sent;terms;0,0000;0,0439;0,3231;0,1044;;;;
CEAT;Dis;gpt2;full;cosine similarity;reddit;word-average;terms;0,0000;0,3807;0,2576;0,0664;;;;
CEAT;Dis;gpt2;full;cosine similarity;reddit;word-start;terms;0,0000;0,3618;0,2633;0,0693;;;;
CEAT;Dis;gpt2;full;cosine similarity;reddit;word-end;terms;0,0000;-0,0712;0,4145;0,1718;;;;
CEAT;Dis;gpt2;full;cosine similarity;reddit;sent;terms;0,0000;0,0598;0,3769;0,1421;modified dataset;;;
CEAT;Dis;gpt2;full;cosine similarity;reddit;word-average;terms;0,0000;0,3450;0,2656;0,0706;modified dataset;;;
CEAT;Dis;gpt2;full;cosine similarity;reddit;word-start;terms;0,0000;0,3345;0,2577;0,0664;modified dataset;;;
CEAT;Dis;gpt2;full;cosine similarity;reddit;word-end;terms;0,0000;-0,1019;0,4004;0,1603;modified dataset;;;
CEAT;I1;gpt2;full;cosine similarity;reddit;sent;names;0,4593;-0,0027;0,4109;0,1688;;;;
CEAT;I1;gpt2;full;cosine similarity;reddit;word-average;names;0,0000;0,4789;0,4845;0,2347;;;;
CEAT;I1;gpt2;full;cosine similarity;reddit;word-start;names;0,0000;1,1686;0,3173;0,1007;;;;
CEAT;I1;gpt2;full;cosine similarity;reddit;word-end;names;0,1046;-0,0077;0,4521;0,2044;;;;
CEAT;I1;gpt2;full;cosine similarity;reddit;sent;terms;0,0056;0,0169;0,6835;0,4672;;;;
CEAT;I1;gpt2;full;cosine similarity;reddit;word-average;terms;0,0000;-0,5421;0,3863;0,1492;;;;
CEAT;I1;gpt2;full;cosine similarity;reddit;word-start;terms;0,0000;-0,5888;0,2757;0,0760;;;;
CEAT;I1;gpt2;full;cosine similarity;reddit;word-end;terms;0,0000;-0,1274;0,5954;0,3544;;;;
CEAT;I2;gpt2;full;cosine similarity;reddit;sent;names;0,4884;-0,0033;0,4061;0,1649;;;;
CEAT;I2;gpt2;full;cosine similarity;reddit;word-average;names;0,0000;0,2955;0,5867;0,3442;;;;
CEAT;I2;gpt2;full;cosine similarity;reddit;word-start;names;0,0000;0,8329;0,6420;0,4122;;;;
CEAT;I2;gpt2;full;cosine similarity;reddit;word-end;names;0,3124;0,0048;0,4463;0,1991;;;;
CEAT;I2;gpt2;full;cosine similarity;reddit;sent;terms;0,0445;0,0113;0,3928;0,1543;;;;
CEAT;I2;gpt2;full;cosine similarity;reddit;word-average;terms;0,0000;-0,3717;0,6609;0,4368;;;;
CEAT;I2;gpt2;full;cosine similarity;reddit;word-start;terms;0,0000;-0,4302;0,5666;0,3210;;;;
CEAT;I2;gpt2;full;cosine similarity;reddit;word-end;terms;0,0000;-0,0489;0,7852;0,6165;;;;
CEAT;C1;bert;full;cosine similarity;reddit;sent;names;0,0000;0,3068;0,3590;0,1289;;;;
CEAT;C1;bert;full;cosine similarity;reddit;word-average;names;0,0000;0,7150;0,2715;0,0737;;;;
CEAT;C1;bert;full;cosine similarity;reddit;word-start;names;0,0000;0,6070;0,3023;0,0914;;;;
CEAT;C1;bert;full;cosine similarity;reddit;word-end;names;0,0000;0,6061;0,2676;0,0716;;;;
CEAT;C3;bert;full;cosine similarity;reddit;sent;names;0,0000;0,0345;0,2532;0,0641;;;;
CEAT;C3;bert;full;cosine similarity;reddit;word-average;names;0,0000;0,1981;0,2668;0,0712;;;;
CEAT;C3;bert;full;cosine similarity;reddit;word-start;names;0,0000;0,2239;0,2852;0,0813;;;;
CEAT;C3;bert;full;cosine similarity;reddit;word-end;names;0,0000;0,1544;0,2828;0,0800;;;;
CEAT;C3;bert;full;cosine similarity;reddit;sent;terms;0,0000;0,1017;0,3764;0,1417;;;;
CEAT;C3;bert;full;cosine similarity;reddit;word-average;terms;0,0000;-0,0417;0,3655;0,1336;;;;
CEAT;C3;bert;full;cosine similarity;reddit;word-start;terms;0,2671;-0,0041;0,3703;0,1371;;;;
CEAT;C3;bert;full;cosine similarity;reddit;word-end;terms;0,0000;-0,0888;0,3693;0,1364;;;;
CEAT;C6;bert;full;cosine similarity;reddit;sent;names;0,0000;0,1786;0,4966;0,2466;;;;
CEAT;C6;bert;full;cosine similarity;reddit;word-average;names;0,0000;0,3537;0,4762;0,2267;;;;
CEAT;C6;bert;full;cosine similarity;reddit;word-start;names;0,0000;0,3666;0,4724;0,2232;;;;
CEAT;C6;bert;full;cosine similarity;reddit;word-end;names;0,0000;0,3519;0,4775;0,2280;;;;
CEAT;C6;bert;full;cosine similarity;reddit;sent;terms;0,0000;0,0792;0,5247;0,2753;;;;
CEAT;C6;bert;full;cosine similarity;reddit;word-average;terms;0,0000;0,2005;0,4688;0,2197;;;;
CEAT;C6;bert;full;cosine similarity;reddit;word-start;terms;0,0000;0,2099;0,4652;0,2164;;;;
CEAT;C6;bert;full;cosine similarity;reddit;word-end;terms;0,0000;0,2107;0,4620;0,2134;;;;
CEAT;C9;bert;full;cosine similarity;reddit;sent;names;0,0000;0,0518;0,3920;0,1537;;;;
CEAT;C9;bert;full;cosine similarity;reddit;word-average;names;0,0000;-0,0978;0,3088;0,0954;;;;
CEAT;C9;bert;full;cosine similarity;reddit;word-start;names;0,0000;-0,0864;0,2536;0,0643;;;;
CEAT;C9;bert;full;cosine similarity;reddit;word-end;names;0,0000;-0,0559;0,3510;0,1232;;;;
CEAT;C9;bert;full;cosine similarity;reddit;sent;names;0,0000;0,0709;0,3885;0,1509;modified dataset;;;
CEAT;C9;bert;full;cosine similarity;reddit;word-average;names;0,0001;-0,0277;0,2872;0,0825;modified dataset;;;
CEAT;C9;bert;full;cosine similarity;reddit;word-start;names;0,0000;-0,0483;0,2423;0,0587;modified dataset;;;
CEAT;C9;bert;full;cosine similarity;reddit;word-end;names;0,0000;-0,0157;0,3294;0,1085;modified dataset;;;
CEAT;C9;bert;full;cosine similarity;reddit;sent;terms;0,2449;-0,0071;0,6119;0,3744;;;;
CEAT;C9;bert;full;cosine similarity;reddit;word-average;terms;0,0003;0,0196;0,5287;0,2795;;;;
CEAT;C9;bert;full;cosine similarity;reddit;word-start;terms;0,0000;-0,2343;0,5067;0,2568;;;;
CEAT;C9;bert;full;cosine similarity;reddit;word-end;terms;0,0000;0,3211;0,4832;0,2335;;;;
CEAT;Occ;bert;full;cosine similarity;reddit;sent;names;0,0000;0,1455;0,2843;0,0808;;;;
CEAT;Occ;bert;full;cosine similarity;reddit;word-average;names;0,0000;0,4015;0,2654;0,0705;;;;
CEAT;Occ;bert;full;cosine similarity;reddit;word-start;names;0,0000;0,4660;0,2552;0,0651;;;;
CEAT;Occ;bert;full;cosine similarity;reddit;word-end;names;0,0000;0,5023;0,2752;0,0757;;;;
CEAT;Occ;bert;full;cosine similarity;reddit;sent;terms;0,0000;0,2401;0,5085;0,2586;;;;
CEAT;Occ;bert;full;cosine similarity;reddit;word-average;terms;0,0000;0,9446;0,4224;0,1784;;;;
CEAT;Occ;bert;full;cosine similarity;reddit;word-start;terms;0,0000;0,9300;0,4205;0,1768;;;;
CEAT;Occ;bert;full;cosine similarity;reddit;word-end;terms;0,0000;0,8706;0,4356;0,1898;;;;
CEAT;Dis;bert;full;cosine similarity;reddit;sent;terms;0,0000;0,3424;0,3048;0,0929;;;;
CEAT;Dis;bert;full;cosine similarity;reddit;word-average;terms;0,0000;0,3232;0,2474;0,0612;;;;
CEAT;Dis;bert;full;cosine similarity;reddit;word-start;terms;0,0000;0,3984;0,2524;0,0637;;;;
CEAT;Dis;bert;full;cosine similarity;reddit;word-end;terms;0,0000;0,4096;0,2526;0,0638;;;;
CEAT;Dis;bert;full;cosine similarity;reddit;sent;terms;0,0000;0,3977;0,3173;0,1007;modified dataset;;;
CEAT;Dis;bert;full;cosine similarity;reddit;word-average;terms;0,0000;0,3788;0,2486;0,0618;modified dataset;;;
CEAT;Dis;bert;full;cosine similarity;reddit;word-start;terms;0,0000;0,4340;0,2510;0,0630;modified dataset;;;
CEAT;Dis;bert;full;cosine similarity;reddit;word-end;terms;0,0000;0,4595;0,2487;0,0619;modified dataset;;;
CEAT;I1;bert;full;cosine similarity;reddit;sent;names;0,0000;0,0623;0,4211;0,1774;;;;
CEAT;I1;bert;full;cosine similarity;reddit;word-average;names;0,0000;0,5390;0,3800;0,1444;;;;
CEAT;I1;bert;full;cosine similarity;reddit;word-start;names;0,0000;0,1669;0,4234;0,1793;;;;
CEAT;I1;bert;full;cosine similarity;reddit;word-end;names;0,0000;0,8874;0,3326;0,1106;;;;
CEAT;I1;bert;full;cosine similarity;reddit;sent;terms;0,0000;0,0736;0,6230;0,3882;;;;
CEAT;I1;bert;full;cosine similarity;reddit;word-average;terms;0,0000;0,3015;0,4534;0,2056;;;;
CEAT;I1;bert;full;cosine similarity;reddit;word-start;terms;0,0000;0,3153;0,4116;0,1694;;;;
CEAT;I1;bert;full;cosine similarity;reddit;word-end;terms;0,0000;0,3540;0,4851;0,2353;;;;
CEAT;I2;bert;full;cosine similarity;reddit;sent;names;0,0000;0,0874;0,4236;0,1794;;;;
CEAT;I2;bert;full;cosine similarity;reddit;word-average;names;0,0000;0,5112;0,3567;0,1272;;;;
CEAT;I2;bert;full;cosine similarity;reddit;word-start;names;0,0000;0,1251;0,4399;0,1935;;;;
CEAT;I2;bert;full;cosine similarity;reddit;word-end;names;0,0000;0,8651;0,3264;0,1065;;;;
CEAT;I2;bert;full;cosine similarity;reddit;sent;terms;0,0000;0,2821;0,6216;0,3864;;;;
CEAT;I2;bert;full;cosine similarity;reddit;word-average;terms;0,0000;0,4138;0,4580;0,2098;;;;
CEAT;I2;bert;full;cosine similarity;reddit;word-start;terms;0,0000;0,4759;0,4269;0,1823;;;;
CEAT;I2;bert;full;cosine similarity;reddit;word-end;terms;0,0000;0,4399;0,5006;0,2506;;;;
CEAT;C1;bert;reduced;cosine similarity;reddit;sent;names;0,0000;0,2624;0,5136;0,2638;;;;
CEAT;C1;bert;reduced;cosine similarity;reddit;word-average;names;0,0000;0,8319;0,3493;0,1220;;;;
CEAT;C1;bert;reduced;cosine similarity;reddit;word-start;names;0,0000;0,6277;0,4029;0,1623;;;;
CEAT;C1;bert;reduced;cosine similarity;reddit;word-end;names;0,0000;0,7821;0,3496;0,1222;;;;
CEAT;C3;bert;reduced;cosine similarity;reddit;sent;names;0,0004;-0,0157;0,4444;0,1975;;;;
CEAT;C3;bert;reduced;cosine similarity;reddit;word-average;names;0,0000;-0,1693;0,4111;0,1690;;;;
CEAT;C3;bert;reduced;cosine similarity;reddit;word-start;names;0,0000;-0,2225;0,4114;0,1693;;;;
CEAT;C3;bert;reduced;cosine similarity;reddit;word-end;names;0,0000;-0,1056;0,4088;0,1671;;;;
CEAT;C9;bert;reduced;cosine similarity;reddit;sent;names;0,0000;0,0826;0,5762;0,3320;;;;
CEAT;C9;bert;reduced;cosine similarity;reddit;word-average;names;0,0000;0,0756;0,4799;0,2304;;;;
CEAT;C9;bert;reduced;cosine similarity;reddit;word-start;names;0,0000;-0,3018;0,4455;0,1985;;;;
CEAT;C9;bert;reduced;cosine similarity;reddit;word-end;names;0,0000;0,3455;0,5056;0,2556;;;;
CEAT;C9;bert;reduced;cosine similarity;reddit;sent;names;0,0000;0,0727;0,5730;0,3283;modified dataset;;;
CEAT;C9;bert;reduced;cosine similarity;reddit;word-average;names;0,0000;-0,0622;0,4406;0,1942;modified dataset;;;
CEAT;C9;bert;reduced;cosine similarity;reddit;word-start;names;0,0000;-0,2473;0,3930;0,1545;modified dataset;;;
CEAT;C9;bert;reduced;cosine similarity;reddit;word-end;names;0,0000;0,1996;0,5138;0,2640;modified dataset;;;
CEAT;C9;bert;reduced;cosine similarity;reddit;sent;terms;0,0122;-0,0178;0,7190;0,5169;;;;
CEAT;C9;bert;reduced;cosine similarity;reddit;word-average;terms;0,0000;-0,4196;0,6812;0,4641;;;;
CEAT;C9;bert;reduced;cosine similarity;reddit;word-start;terms;0,0000;-0,4237;0,6723;0,4520;;;;
CEAT;C9;bert;reduced;cosine similarity;reddit;word-end;terms;0,0000;-0,3591;0,7019;0,4927;;;;
CEAT;Occ;bert;reduced;cosine similarity;reddit;sent;names;0,0000;0,1684;0,3733;0,1394;;;;
CEAT;Occ;bert;reduced;cosine similarity;reddit;word-average;names;0,0000;0,4754;0,3609;0,1303;;;;
CEAT;Occ;bert;reduced;cosine similarity;reddit;word-start;names;0,0000;0,3965;0,3524;0,1242;;;;
CEAT;Occ;bert;reduced;cosine similarity;reddit;word-end;names;0,0000;0,4954;0,3539;0,1252;;;;
CEAT;C1;bert;simplified;cosine similarity;reddit;sent;names;0,0000;0,3570;0,9686;0,9381;;;;
CEAT;C1;bert;simplified;cosine similarity;reddit;word-average;names;0,0000;1,0795;0,7062;0,4988;;;;
CEAT;C1;bert;simplified;cosine similarity;reddit;word-start;names;0,0000;1,0646;0,7190;0,5170;;;;
CEAT;C1;bert;simplified;cosine similarity;reddit;word-end;names;0,0000;1,0468;0,7296;0,5323;;;;
CEAT;C3;bert;simplified;cosine similarity;reddit;sent;terms;0,9779;0,0003;1,4143;2,0002;;;;
CEAT;C3;bert;simplified;cosine similarity;reddit;word-average;terms;0,0000;-0,2175;1,3975;1,9529;;;;
CEAT;C3;bert;simplified;cosine similarity;reddit;word-start;terms;0,0000;-0,2727;1,3877;1,9259;;;;
CEAT;C3;bert;simplified;cosine similarity;reddit;word-end;terms;0,0000;-0,1044;1,4104;1,9893;;;;
CEAT;C6;bert;simplified;cosine similarity;reddit;sent;terms;0,0000;0,0546;0,8176;0,6684;;;;
CEAT;C6;bert;simplified;cosine similarity;reddit;word-average;terms;0,0000;0,2221;0,7730;0,5975;;;;
CEAT;C6;bert;simplified;cosine similarity;reddit;word-start;terms;0,0000;0,2308;0,7687;0,5908;;;;
CEAT;C6;bert;simplified;cosine similarity;reddit;word-end;terms;0,0000;0,2262;0,7638;0,5834;;;;
CEAT;C9;bert;simplified;cosine similarity;reddit;sent;names;0,0000;-0,0300;1,4140;1,9993;;;;
CEAT;C9;bert;simplified;cosine similarity;reddit;word-average;names;0,0000;-0,4695;1,3341;1,7798;;;;
CEAT;C9;bert;simplified;cosine similarity;reddit;word-start;names;0,0000;-0,3038;1,3813;1,9079;;;;
CEAT;C9;bert;simplified;cosine similarity;reddit;word-end;names;0,0000;-0,4586;1,3378;1,7898;;;;
CEAT;Occ;bert;simplified;cosine similarity;reddit;sent;terms;0,0000;0,2415;0,8044;0,6470;;;;
CEAT;Occ;bert;simplified;cosine similarity;reddit;word-average;terms;0,0000;1,0026;0,6121;0,3747;;;;
CEAT;Occ;bert;simplified;cosine similarity;reddit;word-start;terms;0,0000;1,0103;0,6070;0,3685;;;;
CEAT;Occ;bert;simplified;cosine similarity;reddit;word-end;terms;0,0000;0,9516;0,6311;0,3982;;;;
CEAT;C1;bert;full;probability;reddit;;names;0,0106;0,0410;0,2801;0,0775;;;;
CEAT;C3;bert;full;probability;reddit;;names;NaN;NaN;NaN;NaN;;;;
CEAT;C6;bert;full;probability;reddit;;names;NaN;NaN;NaN;NaN;;;;
CEAT;C9;bert;full;probability;reddit;;terms;0,0000;0,1751;0,4900;0,2810;;;;
CEAT;Dis;bert;full;probability;reddit;;terms;0,0000;0,0590;0,0981;0,0096;;;;
CEAT;Occ;bert;full;probability;reddit;;names;NaN;NaN;NaN;NaN;;;;
CEAT;I1;bert;full;probability;reddit;;names;NaN;NaN;NaN;NaN;;;;
CEAT;I2;bert;full;probability;reddit;;names;NaN;NaN;NaN;NaN;;;;
CEAT;C1;bert;reduced;probability;reddit;;names;0,0000;0,0899;0,2810;0,0776;;;;
CEAT;C3;bert;reduced;probability;reddit;;names;NaN;NaN;NaN;NaN;;;;
CEAT;C9;bert;reduced;probability;reddit;;names;0,0000;0,1085;0,5330;0,2826;;;;
CEAT;C9;bert;reduced;probability;reddit;;names;0,0000;0,2266;0,5107;0,2521;modified dataset;;;
CEAT;C9;bert;reduced;probability;reddit;;terms;0,0000;0,1962;0,4796;0,2705;;;;
CEAT;Occ;bert;reduced;probability;reddit;;names;NaN;NaN;NaN;NaN;;;;
CEAT;C1;bert;simplified;probability;reddit;;names;0,0000;0,3254;0,2550;0,0647;;;;
CEAT;C3;bert;simplified;probability;reddit;;terms;0,0000;0,2319;0,2787;0,0758;;;;
CEAT;C6;bert;simplified;probability;reddit;;terms;0,0000;0,2045;0,4992;0,2431;;;;
CEAT;C9;bert;simplified;probability;reddit;;names;0,0000;0,1930;0,5546;0,2899;;;;
CEAT;Occ;bert;simplified;probability;reddit;;terms;0,0000;0,2453;0,3068;0,0937;;;;
SEAT;C1;opt;full;cosine similarity;template;sent;names;0,0000;1,3695;;;;;;
SEAT;C1;opt;full;cosine similarity;template;word-average;names;0,0000;1,2588;;;;;;
SEAT;C1;opt;full;cosine similarity;template;word-start;names;0,0000;0,6358;;;;;;
SEAT;C1;opt;full;cosine similarity;template;word-end;names;0,0000;1,4486;;;;;;
SEAT;C3;opt;full;cosine similarity;template;sent;names;0,9737;-0,1833;;;;;;
SEAT;C3;opt;full;cosine similarity;template;word-average;names;0,9858;-0,2067;;;;;;
SEAT;C3;opt;full;cosine similarity;template;word-start;names;0,0566;0,1499;;;;;;
SEAT;C3;opt;full;cosine similarity;template;word-end;names;1,0000;-0,4774;;;;;;
SEAT;C3;opt;full;cosine similarity;template;sent;terms;0,5847;-0,0222;;;;;;
SEAT;C3;opt;full;cosine similarity;template;word-average;terms;0,5033;-0,0007;;;;;;
SEAT;C3;opt;full;cosine similarity;template;word-start;terms;0,9212;-0,1435;;;;;;
SEAT;C3;opt;full;cosine similarity;template;word-end;terms;0,0856;0,1384;;;;;;
SEAT;C6;opt;full;cosine similarity;template;sent;names;0,0000;1,2938;;;;;;
SEAT;C6;opt;full;cosine similarity;template;word-average;names;0,0000;1,0008;;;;;;
SEAT;C6;opt;full;cosine similarity;template;word-start;names;0,0000;0,8543;;;;;;
SEAT;C6;opt;full;cosine similarity;template;word-end;names;0,0000;1,0157;;;;;;
SEAT;C6;opt;full;cosine similarity;template;sent;terms;0,0044;0,3937;;;;;;
SEAT;C6;opt;full;cosine similarity;template;word-average;terms;0,0372;0,2729;;;;;;
SEAT;C6;opt;full;cosine similarity;template;word-start;terms;0,0740;0,2205;;;;;;
SEAT;C6;opt;full;cosine similarity;template;word-end;terms;0,0493;0,2547;;;;;;
SEAT;C9;opt;full;cosine similarity;template;sent;names;0,0054;0,3379;;;;;;
SEAT;C9;opt;full;cosine similarity;template;word-average;names;0,0054;0,3418;;;;;;
SEAT;C9;opt;full;cosine similarity;template;word-start;names;0,5428;-0,0142;;;;;;
SEAT;C9;opt;full;cosine similarity;template;word-end;names;0,0119;0,2999;;;;;;
SEAT;C9;opt;full;cosine similarity;template;sent;names;0,0104;0,3063;;;modified dataset;;;
SEAT;C9;opt;full;cosine similarity;template;word-average;names;0,0607;0,2077;;;modified dataset;;;
SEAT;C9;opt;full;cosine similarity;template;word-start;names;0,7793;-0,1037;;;modified dataset;;;
SEAT;C9;opt;full;cosine similarity;template;word-end;names;0,0181;0,2774;;;modified dataset;;;
SEAT;C9;opt;full;cosine similarity;template;sent;terms;0,0000;1,0026;;;;;;
SEAT;C9;opt;full;cosine similarity;template;word-average;terms;0,0000;1,0399;;;;;;
SEAT;C9;opt;full;cosine similarity;template;word-start;terms;0,0150;0,4433;;;;;;
SEAT;C9;opt;full;cosine similarity;template;word-end;terms;0,0000;1,4256;;;;;;
SEAT;Dis;opt;full;cosine similarity;template;sent;terms;0,6734;-0,0507;;;;;;
SEAT;Dis;opt;full;cosine similarity;template;word-average;terms;0,0000;0,5513;;;;;;
SEAT;Dis;opt;full;cosine similarity;template;word-start;terms;0,0000;0,7947;;;;;;
SEAT;Dis;opt;full;cosine similarity;template;word-end;terms;0,3925;0,0305;;;;;;
SEAT;Dis;opt;full;cosine similarity;template;sent;terms;0,6800;-0,0531;;;modified dataset;;;
SEAT;Dis;opt;full;cosine similarity;template;word-average;terms;0,0000;0,5608;;;modified dataset;;;
SEAT;Dis;opt;full;cosine similarity;template;word-start;terms;0,0000;0,8060;;;modified dataset;;;
SEAT;Dis;opt;full;cosine similarity;template;word-end;terms;0,3961;0,0285;;;modified dataset;;;
SEAT;Occ;opt;full;cosine similarity;template;sent;names;0,0000;1,2876;;;;;;
SEAT;Occ;opt;full;cosine similarity;template;word-average;names;0,0000;0,8807;;;;;;
SEAT;Occ;opt;full;cosine similarity;template;word-start;names;0,1027;0,1329;;;;;;
SEAT;Occ;opt;full;cosine similarity;template;word-end;names;0,0000;1,2323;;;;;;
SEAT;Occ;opt;full;cosine similarity;template;sent;terms;0,0000;1,2904;;;;;;
SEAT;Occ;opt;full;cosine similarity;template;word-average;terms;0,0000;1,2101;;;;;;
SEAT;Occ;opt;full;cosine similarity;template;word-start;terms;0,0000;0,8107;;;;;;
SEAT;Occ;opt;full;cosine similarity;template;word-end;terms;0,0000;1,3450;;;;;;
SEAT;I1;opt;full;cosine similarity;template;sent;names;0,0001;0,5569;;;;;;
SEAT;I1;opt;full;cosine similarity;template;word-average;names;0,0000;1,1553;;;;;;
SEAT;I1;opt;full;cosine similarity;template;word-start;names;0,0000;1,5532;;;;;;
SEAT;I1;opt;full;cosine similarity;template;word-end;names;0,0002;0,5329;;;;;;
SEAT;I1;opt;full;cosine similarity;template;sent;terms;1,0000;-0,5752;;;;;;
SEAT;I1;opt;full;cosine similarity;template;word-average;terms;0,1869;0,0707;;;;;;
SEAT;I1;opt;full;cosine similarity;template;word-start;terms;0,0000;0,4547;;;;;;
SEAT;I1;opt;full;cosine similarity;template;word-end;terms;1,0000;-0,4138;;;;;;
SEAT;I2;opt;full;cosine similarity;template;sent;names;0,0000;0,9442;;;;;;
SEAT;I2;opt;full;cosine similarity;template;word-average;names;0,0000;1,0647;;;;;;
SEAT;I2;opt;full;cosine similarity;template;word-start;names;0,0000;1,0219;;;;;;
SEAT;I2;opt;full;cosine similarity;template;word-end;names;0,0000;1,0322;;;;;;
SEAT;I2;opt;full;cosine similarity;template;sent;terms;0,9999;-0,3042;;;;;;
SEAT;I2;opt;full;cosine similarity;template;word-average;terms;0,0317;0,1478;;;;;;
SEAT;I2;opt;full;cosine similarity;template;word-start;terms;0,0000;0,6669;;;;;;
SEAT;I2;opt;full;cosine similarity;template;word-end;terms;0,9992;-0,2528;;;;;;
CEAT;C1_name_word;opt;full;cosine similarity;template;sent;names;0,0000;1,0061;0,2580;0,0663;;;;
CEAT;C1_name_word;opt;full;cosine similarity;template;word-average;names;0,0000;1,1475;0,1480;0,0219;;;;
CEAT;C1_name_word;opt;full;cosine similarity;template;word-start;names;0,0000;0,5302;0,2925;0,0853;;;;
CEAT;C1_name_word;opt;full;cosine similarity;template;word-end;names;0,0000;1,3629;0,1309;0,0169;;;;
CEAT;C3;opt;full;cosine similarity;template;sent;names;0,0000;-0,1259;0,2553;0,0652;;;;
CEAT;C3;opt;full;cosine similarity;template;word-average;names;0,0000;-0,2054;0,4613;0,2128;;;;
CEAT;C3;opt;full;cosine similarity;template;word-start;names;0,0000;-0,0432;0,7658;0,5863;;;;
CEAT;C3;opt;full;cosine similarity;template;word-end;names;0,0000;-0,4417;0,2070;0,0429;;;;
CEAT;C3;opt;full;cosine similarity;template;sent;terms;0,0000;-0,0120;0,2312;0,0535;;;;
CEAT;C3;opt;full;cosine similarity;template;word-average;terms;0,0000;-0,0390;0,2696;0,0727;;;;
CEAT;C3;opt;full;cosine similarity;template;word-start;terms;0,0000;-0,1604;0,3282;0,1076;;;;
CEAT;C3;opt;full;cosine similarity;template;word-end;terms;0,0000;0,1116;0,2108;0,0444;;;;
CEAT;C6;opt;full;cosine similarity;template;sent;names;0,0000;0,5330;0,4992;0,2491;;;;
CEAT;C6;opt;full;cosine similarity;template;word-average;names;0,0000;0,8376;0,2562;0,0656;;;;
CEAT;C6;opt;full;cosine similarity;template;word-start;names;0,0000;0,6744;0,3442;0,1184;;;;
CEAT;C6;opt;full;cosine similarity;template;word-end;names;0,0000;0,8804;0,2386;0,0569;;;;
CEAT;C6;opt;full;cosine similarity;template;sent;terms;0,0000;0,2541;0,3307;0,1092;;;;
CEAT;C6;opt;full;cosine similarity;template;word-average;terms;0,0000;0,2550;0,1878;0,0351;;;;
CEAT;C6;opt;full;cosine similarity;template;word-start;terms;0,0000;0,1984;0,2205;0,0485;;;;
CEAT;C6;opt;full;cosine similarity;template;word-end;terms;0,0000;0,2405;0,1740;0,0301;;;;
CEAT;C9;opt;full;cosine similarity;template;sent;names;0,0000;0,3030;0,3384;0,1145;;;;
CEAT;C9;opt;full;cosine similarity;template;word-average;names;0,0000;0,2964;0,2734;0,0747;;;;
CEAT;C9;opt;full;cosine similarity;template;word-start;names;0,0000;-0,0126;0,2644;0,0699;;;;
CEAT;C9;opt;full;cosine similarity;template;word-end;names;0,0000;0,2452;0,2907;0,0845;;;;
CEAT;C9;opt;full;cosine similarity;template;sent;names;0,0000;0,2813;0,3277;0,1074;modified dataset;;;
CEAT;C9;opt;full;cosine similarity;template;word-average;names;0,0000;0,1826;0,2637;0,0695;modified dataset;;;
CEAT;C9;opt;full;cosine similarity;template;word-start;names;0,0000;-0,0889;0,2595;0,0674;modified dataset;;;
CEAT;C9;opt;full;cosine similarity;template;word-end;names;0,0000;0,2288;0,2774;0,0770;modified dataset;;;
CEAT;C9;opt;full;cosine similarity;template;sent;terms;0,0000;0,8289;0,4465;0,1994;;;;
CEAT;C9;opt;full;cosine similarity;template;word-average;terms;0,0000;0,8785;0,4065;0,1653;;;;
CEAT;C9;opt;full;cosine similarity;template;word-start;terms;0,0000;0,4156;0,5095;0,2595;;;;
CEAT;C9;opt;full;cosine similarity;template;word-end;terms;0,0000;1,1749;0,3565;0,1271;;;;
CEAT;Dis;opt;full;cosine similarity;template;sent;terms;0,0000;-0,0533;0,2458;0,0604;;;;
CEAT;Dis;opt;full;cosine similarity;template;word-average;terms;0,0000;0,5413;0,1768;0,0312;;;;
CEAT;Dis;opt;full;cosine similarity;template;word-start;terms;0,0000;0,7841;0,1146;0,0131;;;;
CEAT;Dis;opt;full;cosine similarity;template;word-end;terms;0,0000;0,0334;0,1970;0,0388;;;;
CEAT;Dis;opt;full;cosine similarity;template;sent;terms;0,0000;-0,0565;0,2452;0,0601;modified dataset;;;
CEAT;Dis;opt;full;cosine similarity;template;word-average;terms;0,0000;0,5463;0,1768;0,0312;modified dataset;;;
CEAT;Dis;opt;full;cosine similarity;template;word-start;terms;0,0000;0,7948;0,1149;0,0132;modified dataset;;;
CEAT;Dis;opt;full;cosine similarity;template;word-end;terms;0,0000;0,0278;0,1955;0,0382;modified dataset;;;
CEAT;Occ;opt;full;cosine similarity;template;sent;names;0,0000;0,4192;0,3415;0,1166;;;;
CEAT;Occ;opt;full;cosine similarity;template;word-average;names;0,0000;0,7276;0,2140;0,0457;;;;
CEAT;Occ;opt;full;cosine similarity;template;word-start;names;0,0000;0,1232;0,1873;0,0351;;;;
CEAT;Occ;opt;full;cosine similarity;template;word-end;names;0,0000;0,9625;0,2425;0,0587;;;;
CEAT;Occ;opt;full;cosine similarity;template;sent;terms;0,0000;0,5266;0,3954;0,1563;;;;
CEAT;Occ;opt;full;cosine similarity;template;word-average;terms;0,0000;0,9590;0,2678;0,0717;;;;
CEAT;Occ;opt;full;cosine similarity;template;word-start;terms;0,0000;0,6742;0,2917;0,0851;;;;
CEAT;Occ;opt;full;cosine similarity;template;word-end;terms;0,0000;1,0484;0,2735;0,0747;;;;
CEAT;I1;opt;full;cosine similarity;template;sent;names;0,0000;0,4209;0,3698;0,1367;;;;
CEAT;I1;opt;full;cosine similarity;template;word-average;names;0,0000;1,0087;0,3041;0,0925;;;;
CEAT;I1;opt;full;cosine similarity;template;word-start;names;0,0000;1,4996;0,1355;0,0184;;;;
CEAT;I1;opt;full;cosine similarity;template;word-end;names;0,0000;0,4355;0,3118;0,0972;;;;
CEAT;I1;opt;full;cosine similarity;template;sent;terms;0,0000;-0,5042;0,2041;0,0417;;;;
CEAT;I1;opt;full;cosine similarity;template;word-average;terms;0,0000;0,0600;0,1736;0,0301;;;;
CEAT;I1;opt;full;cosine similarity;template;word-start;terms;0,0000;0,4332;0,0929;0,0086;;;;
CEAT;I1;opt;full;cosine similarity;template;word-end;terms;0,0000;-0,3497;0,2355;0,0555;;;;
CEAT;I2;opt;full;cosine similarity;template;sent;names;0,0000;0,7509;0,3315;0,1099;;;;
CEAT;I2;opt;full;cosine similarity;template;word-average;names;0,0000;0,9329;0,3234;0,1046;;;;
CEAT;I2;opt;full;cosine similarity;template;word-start;names;0,0000;0,8701;0,4463;0,1992;;;;
CEAT;I2;opt;full;cosine similarity;template;word-end;names;0,0000;0,8954;0,2424;0,0587;;;;
CEAT;I2;opt;full;cosine similarity;template;sent;terms;0,0000;-0,2666;0,2174;0,0473;;;;
CEAT;I2;opt;full;cosine similarity;template;word-average;terms;0,0000;0,1269;0,1963;0,0385;;;;
CEAT;I2;opt;full;cosine similarity;template;word-start;terms;0,0000;0,6086;0,1389;0,0193;;;;
CEAT;I2;opt;full;cosine similarity;template;word-end;terms;0,0000;-0,2041;0,2324;0,0540;;;;
SEAT;C1;opt;full;cosine;reddit;sent;names;0,0000;0,2875;;;;;;
SEAT;C1;opt;full;cosine;reddit;word-average;names;0,0000;0,9243;;;;;;
SEAT;C1;opt;full;cosine;reddit;word-start;names;0,0000;0,3228;;;;;;
SEAT;C1;opt;full;cosine;reddit;word-end;names;0,0000;1,1620;;;;;;
SEAT;C3;opt;full;cosine;reddit;sent;names;0,9959;-0,0243;;;;;;
SEAT;C3;opt;full;cosine;reddit;word-average;names;0,0000;0,4540;;;;;;
SEAT;C3;opt;full;cosine;reddit;word-start;names;0,0000;0,9704;;;;;;
SEAT;C3;opt;full;cosine;reddit;word-end;names;1,0000;-0,0673;;;;;;
SEAT;C3;opt;full;cosine;reddit;sent;terms;0,0000;0,1899;;;;;;
SEAT;C3;opt;full;cosine;reddit;word-average;terms;0,0000;0,3312;;;;;;
SEAT;C3;opt;full;cosine;reddit;word-start;terms;0,0000;0,3270;;;;;;
SEAT;C3;opt;full;cosine;reddit;word-end;terms;0,0000;0,2599;;;;;;
SEAT;C6;opt;full;cosine;reddit;sent;names;0,0000;0,3892;;;;;;
SEAT;C6;opt;full;cosine;reddit;word-average;names;0,0000;0,5322;;;;;;
SEAT;C6;opt;full;cosine;reddit;word-start;names;0,0000;0,5155;;;;;;
SEAT;C6;opt;full;cosine;reddit;word-end;names;0,0000;0,5370;;;;;;
SEAT;C6;opt;full;cosine;reddit;sent;terms;0,0001;0,0590;;;;;;
SEAT;C6;opt;full;cosine;reddit;word-average;terms;0,0000;0,2969;;;;;;
SEAT;C6;opt;full;cosine;reddit;word-start;terms;0,0000;0,2973;;;;;;
SEAT;C6;opt;full;cosine;reddit;word-end;terms;0,0000;0,2955;;;;;;
SEAT;C9;opt;full;cosine;reddit;sent;names;1,0000;-0,1165;;;;;;
SEAT;C9;opt;full;cosine;reddit;word-average;names;0,0000;0,4414;;;;;;
SEAT;C9;opt;full;cosine;reddit;word-start;names;0,9964;-0,0329;;;;;;
SEAT;C9;opt;full;cosine;reddit;word-end;names;0,0000;0,5152;;;;;;
SEAT;C9;opt;full;cosine;reddit;sent;names;1,0000;-0,1194;;;modified dataset;;;
SEAT;C9;opt;full;cosine;reddit;word-average;names;0,0000;0,4547;;;modified dataset;;;
SEAT;C9;opt;full;cosine;reddit;word-start;names;1,0000;-0,0549;;;modified dataset;;;
SEAT;C9;opt;full;cosine;reddit;word-end;names;0,0000;0,5239;;;modified dataset;;;
SEAT;C9;opt;full;cosine;reddit;sent;terms;1,0000;-0,2893;;;;;;
SEAT;C9;opt;full;cosine;reddit;word-average;terms;0,0000;0,6183;;;;;;
SEAT;C9;opt;full;cosine;reddit;word-start;terms;0,0000;0,3702;;;;;;
SEAT;C9;opt;full;cosine;reddit;word-end;terms;0,0000;0,7253;;;;;;
SEAT;Occ;opt;full;cosine;reddit;sent;names;0,0000;0,1578;;;;;;
SEAT;Occ;opt;full;cosine;reddit;word-average;names;0,0000;0,7835;;;;;;
SEAT;Occ;opt;full;cosine;reddit;word-start;names;0,0000;0,4132;;;;;;
SEAT;Occ;opt;full;cosine;reddit;word-end;names;0,0000;0,8101;;;;;;
SEAT;Occ;opt;full;cosine;reddit;sent;terms;0,0000;0,2476;;;;;;
SEAT;Occ;opt;full;cosine;reddit;word-average;terms;0,0000;1,0064;;;;;;
SEAT;Occ;opt;full;cosine;reddit;word-start;terms;0,0000;0,9519;;;;;;
SEAT;Occ;opt;full;cosine;reddit;word-end;terms;0,0000;0,9547;;;;;;
SEAT;Dis;opt;full;cosine;reddit;sent;terms;0,0000;0,0913;;;;;;
SEAT;Dis;opt;full;cosine;reddit;word-average;terms;0,0000;0,3672;;;;;;
SEAT;Dis;opt;full;cosine;reddit;word-start;terms;0,0000;0,5152;;;;;;
SEAT;Dis;opt;full;cosine;reddit;word-end;terms;0,0000;0,0960;;;;;;
SEAT;Dis;opt;full;cosine;reddit;sent;terms;0,0000;0,1098;;;modified dataset;;;
SEAT;Dis;opt;full;cosine;reddit;word-average;terms;0,0000;0,3576;;;modified dataset;;;
SEAT;Dis;opt;full;cosine;reddit;word-start;terms;0,0000;0,5668;;;modified dataset;;;
SEAT;Dis;opt;full;cosine;reddit;word-end;terms;0,0000;0,0971;;;modified dataset;;;
SEAT;I1;opt;full;cosine;reddit;sent;names;0,0000;0,2193;;;;;;
SEAT;I1;opt;full;cosine;reddit;word-average;names;0,0000;0,7943;;;;;;
SEAT;I1;opt;full;cosine;reddit;word-start;names;0,0000;1,2862;;;;;;
SEAT;I1;opt;full;cosine;reddit;word-end;names;0,0000;0,7743;;;;;;
SEAT;I1;opt;full;cosine;reddit;sent;terms;0,6441;-0,1185;;;;;;
SEAT;I1;opt;full;cosine;reddit;word-average;terms;0,3977;0,0837;;;;;;
SEAT;I1;opt;full;cosine;reddit;word-start;terms;0,0417;0,5335;;;;;;
SEAT;I1;opt;full;cosine;reddit;word-end;terms;0,9976;-0,8371;;;;;;
SEAT;I2;opt;full;cosine;reddit;sent;names;0,0167;0,0454;;;;;;
SEAT;I2;opt;full;cosine;reddit;word-average;names;0,0000;0,9149;;;;;;
SEAT;I2;opt;full;cosine;reddit;word-start;names;0,0000;0,8316;;;;;;
SEAT;I2;opt;full;cosine;reddit;word-end;names;0,0000;1,0151;;;;;;
SEAT;I2;opt;full;cosine;reddit;sent;terms;0,7640;-0,2242;;;;;;
SEAT;I2;opt;full;cosine;reddit;word-average;terms;0,2347;0,2273;;;;;;
SEAT;I2;opt;full;cosine;reddit;word-start;terms;0,1237;0,3685;;;;;;
SEAT;I2;opt;full;cosine;reddit;word-end;terms;0,9777;-0,6126;;;;;;
CEAT;C1;opt;full;cosine;reddit;sent;names;0,0000;0,1015;0,3019;0,0912;;;;
CEAT;C1;opt;full;cosine;reddit;word-average;names;0,0000;0,7009;0,2808;0,0788;;;;
CEAT;C3;opt;full;cosine;reddit;sent;names;0,2483;-0,0030;0,2519;0,0635;;;;
CEAT;C3;opt;full;cosine;reddit;word-average;names;0,0000;0,2142;0,4177;0,1744;;;;
CEAT;C3;opt;full;cosine;reddit;sent;terms;0,2698;0,0047;0,4555;0,2074;;;;
CEAT;C3;opt;full;cosine;reddit;word-average;terms;0,0000;-0,0223;0,3884;0,1508;;;;
CEAT;C6;opt;full;cosine;reddit;sent;names;0,0000;0,0544;0,5043;0,2544;;;;
CEAT;C6;opt;full;cosine;reddit;word-average;names;0,0000;0,2565;0,5027;0,2527;;;;
CEAT;C6;opt;full;cosine;reddit;sent;terms;0,0016;0,0159;0,5070;0,2571;;;;
CEAT;C6;opt;full;cosine;reddit;word-average;terms;0,0000;0,1742;0,4455;0,1985;;;;
CEAT;C9;opt;full;cosine;reddit;sent;names;0,0030;-0,0122;0,3925;0,1543;;;;
CEAT;C9;opt;full;cosine;reddit;word-average;names;0,0000;0,2298;0,3886;0,1510;;;;
CEAT;C9;opt;full;cosine;reddit;sent;names;0,5806;0,0022;0,3858;0,1489;modified dataset;;;
CEAT;C9;opt;full;cosine;reddit;word-average;names;0,0000;0,2576;0,3868;0,1496;modified dataset;;;
CEAT;C9;opt;full;cosine;reddit;sent;terms;0,0000;-0,0265;0,6025;0,3633;;;;
CEAT;C9;opt;full;cosine;reddit;word-average;terms;0,0000;0,2836;0,6304;0,3974;;;;
CEAT;Occ;opt;full;cosine;reddit;sent;names;0,0000;0,0317;0,2793;0,0780;;;;
CEAT;Occ;opt;full;cosine;reddit;word-average;names;0,0000;0,3481;0,2970;0,0882;;;;
CEAT;Occ;opt;full;cosine;reddit;sent;terms;0,0000;0,0601;0,5021;0,2522;;;;
CEAT;Occ;opt;full;cosine;reddit;word-average;terms;0,0000;0,5196;0,4581;0,2099;;;;
CEAT;Dis;opt;full;cosine;reddit;sent;terms;0,0000;0,0187;0,3871;0,1499;;;;
CEAT;Dis;opt;full;cosine;reddit;word-average;terms;0,0000;0,5419;0,2658;0,0707;;;;
CEAT;Dis;opt;full;cosine;reddit;sent;terms;0,0001;0,0139;0,3871;0,1498;modified dataset;;;
CEAT;Dis;opt;full;cosine;reddit;word-average;terms;0,0000;0,5276;0,2686;0,0722;modified dataset;;;
CEAT;I1;opt;full;cosine;reddit;sent;names;0,0000;0,0248;0,4058;0,1647;;;;
CEAT;I1;opt;full;cosine;reddit;word-average;names;0,0000;0,7067;0,4955;0,2456;;;;
CEAT;I1;opt;full;cosine;reddit;sent;terms;0,0001;0,0202;0,5492;0,3015;;;;
CEAT;I1;opt;full;cosine;reddit;word-average;terms;0,0000;0,0344;0,6015;0,3619;;;;
CEAT;I2;opt;full;cosine;reddit;sent;names;0,0000;0,0374;0,4101;0,1683;;;;
CEAT;I2;opt;full;cosine;reddit;word-average;names;0,0000;0,8099;0,4714;0,2223;;;;
CEAT;I2;opt;full;cosine;reddit;sent;terms;0,0692;-0,0097;0,4953;0,2462;;;;
CEAT;I2;opt;full;cosine;reddit;word-average;terms;0,0000;0,2814;0,5285;0,2793;;;;
CEAT;C1;opt;full;cosine;reddit;word-start;names;0,0000;0,2423;0,3298;0,1087;;;;
CEAT;C1;opt;full;cosine;reddit;word-end;names;0,0000;0,9156;0,2409;0,0580;;;;
CEAT;C3;opt;full;cosine;reddit;word-start;names;0,0000;0,6379;0,5154;0,2657;;;;
CEAT;C3;opt;full;cosine;reddit;word-end;names;0,0000;-0,0942;0,2809;0,0789;;;;
CEAT;C3;opt;full;cosine;reddit;word-start;terms;0,2771;0,0042;0,3883;0,1507;;;;
CEAT;C3;opt;full;cosine;reddit;word-end;terms;0,0000;-0,0359;0,3905;0,1525;;;;
CEAT;C6;opt;full;cosine;reddit;word-start;names;0,0000;0,2532;0,5011;0,2511;;;;
CEAT;C6;opt;full;cosine;reddit;word-end;names;0,0000;0,2604;0,5029;0,2529;;;;
CEAT;C6;opt;full;cosine;reddit;word-start;terms;0,0000;0,1746;0,4424;0,1958;;;;
CEAT;C6;opt;full;cosine;reddit;word-end;terms;0,0000;0,1739;0,4450;0,1981;;;;
CEAT;C9;opt;full;cosine;reddit;word-start;names;0,0000;0,0429;0,3391;0,1151;;;;
CEAT;C9;opt;full;cosine;reddit;word-end;names;0,0000;0,2576;0,3925;0,1541;;;;
CEAT;C9;opt;full;cosine;reddit;word-start;names;0,0000;0,0378;0,3284;0,1080;modified dataset;;;
CEAT;C9;opt;full;cosine;reddit;word-end;names;0,0000;0,2941;0,3894;0,1517;modified dataset;;;
CEAT;C9;opt;full;cosine;reddit;word-start;terms;0,0000;0,2244;0,5937;0,3524;;;;
CEAT;C9;opt;full;cosine;reddit;word-end;terms;0,0000;0,3429;0,6317;0,3991;;;;
CEAT;Occ;opt;full;cosine;reddit;word-start;names;0,0000;0,1131;0,2580;0,0666;;;;
CEAT;Occ;opt;full;cosine;reddit;word-end;names;0,0000;0,3749;0,3296;0,1087;;;;
CEAT;Occ;opt;full;cosine;reddit;word-start;terms;0,0000;0,3986;0,4670;0,2181;;;;
CEAT;Occ;opt;full;cosine;reddit;word-end;terms;0,0000;0,5400;0,4505;0,2030;;;;
CEAT;Dis;opt;full;cosine;reddit;word-start;terms;0,0000;0,5697;0,2524;0,0637;;;;
CEAT;Dis;opt;full;cosine;reddit;word-end;terms;0,0000;0,3766;0,2854;0,0815;;;;
CEAT;Dis;opt;full;cosine;reddit;word-start;terms;0,0000;0,5744;0,2521;0,0635;modified dataset;;;
CEAT;Dis;opt;full;cosine;reddit;word-end;terms;0,0000;0,3504;0,2913;0,0849;modified dataset;;;
CEAT;I1;opt;full;cosine;reddit;word-start;names;0,0000;1,2492;0,3438;0,1185;;;;
CEAT;I1;opt;full;cosine;reddit;word-end;names;0,0000;0,4029;0,5178;0,2681;;;;
CEAT;I1;opt;full;cosine;reddit;word-start;terms;0,0000;0,2212;0,5179;0,2683;;;;
CEAT;I1;opt;full;cosine;reddit;word-end;terms;0,0000;-0,1748;0,6093;0,3712;;;;
CEAT;I2;opt;full;cosine;reddit;word-start;names;0,0000;0,9986;0,5705;0,3258;;;;
CEAT;I2;opt;full;cosine;reddit;word-end;names;0,0000;0,6584;0,4654;0,2166;;;;
CEAT;I2;opt;full;cosine;reddit;word-start;terms;0,0000;0,4788;0,4644;0,2157;;;;
CEAT;I2;opt;full;cosine;reddit;word-end;terms;0,0000;-0,0333;0,5450;0,2970;;;;